experiment_id,stage,case_id,sequence_id,seed,checkpoint,competence_id,intervention_id,intervention_value,target_protocol,control_protocol,q_target,q_control,rc,ccce,standard_error,ci_low,ci_high,identification_status,ccce_gt
E01_GT_RECOVERY,confirmation,beneficial,analytical_single_step,1000,theta_1,K1,beneficial_c-2.0,-2.0,L_T_beneficial,L_C_beneficial,0.9145872548793678,-0.8812904302927953,,1.795877685172163,0.003779066425629107,1.788283366863752,1.8034720034805738,CERTIFIED,1.7878716954016463
E01_GT_RECOVERY,confirmation,beneficial,analytical_single_step,1001,theta_1,K1,beneficial_c-2.0,-2.0,L_T_beneficial,L_C_beneficial,0.907443876270117,-0.8833139742309366,,1.7907578505010537,0.0031765598682608077,1.7843743144505384,1.797141386551569,CERTIFIED,1.7878716954016463
E01_GT_RECOVERY,confirmation,beneficial,analytical_single_step,1002,theta_1,K1,beneficial_c-2.0,-2.0,L_T_beneficial,L_C_beneficial,0.9039951602002557,-0.888106294020549,,1.792101454220805,0.0031915102328439067,1.7856878742878373,1.7985150341537726,CERTIFIED,1.7878716954016463
E01_GT_RECOVERY,confirmation,beneficial,analytical_single_step,1003,theta_1,K1,beneficial_c-2.0,-2.0,L_T_beneficial,L_C_beneficial,0.8899355465026475,-0.9001101977258115,,1.790045744228459,0.003574401715944668,1.7828627150525442,1.7972287734043737,CERTIFIED,1.7878716954016463
E01_GT_RECOVERY,confirmation,beneficial,analytical_single_step,1004,theta_1,K1,beneficial_c-2.0,-2.0,L_T_beneficial,L_C_beneficial,0.8950091287480592,-0.8975810379543688,,1.7925901667024287,0.00462579964524898,1.783294274283415,1.8018860591214423,CERTIFIED,1.7878716954016463
E01_GT_RECOVERY,confirmation,beneficial,analytical_single_step,1005,theta_1,K1,beneficial_c-2.0,-2.0,L_T_beneficial,L_C_beneficial,0.8993977320215759,-0.8850488238221209,,1.7844465558436968,0.0035564942878006673,1.777299512991941,1.7915935986954525,CERTIFIED,1.7878716954016463
E01_GT_RECOVERY,confirmation,beneficial,analytical_single_step,1006,theta_1,K1,beneficial_c-2.0,-2.0,L_T_beneficial,L_C_beneficial,0.8869563414785451,-0.8995982835014442,,1.7865546249799888,0.003925915917795161,1.7786652015685362,1.7944440483914414,CERTIFIED,1.7878716954016463
E01_GT_RECOVERY,confirmation,beneficial,analytical_single_step,1007,theta_1,K1,beneficial_c-2.0,-2.0,L_T_beneficial,L_C_beneficial,0.8794772629976323,-0.9137600824752106,,1.7932373454728432,0.004646741241138944,1.7838993693413032,1.8025753216043832,CERTIFIED,1.7878716954016463
E01_GT_RECOVERY,confirmation,beneficial,analytical_single_step,1008,theta_1,K1,beneficial_c-2.0,-2.0,L_T_beneficial,L_C_beneficial,0.8905620134555241,-0.8924993697529157,,1.7830613832084399,0.004756192136045717,1.7735034572688135,1.7926193091480662,CERTIFIED,1.7878716954016463
E01_GT_RECOVERY,confirmation,beneficial,analytical_single_step,1009,theta_1,K1,beneficial_c-2.0,-2.0,L_T_beneficial,L_C_beneficial,0.8836950299452484,-0.902040080833754,,1.7857351107790023,0.0034354977028070188,1.778831219668227,1.7926390018897775,CERTIFIED,1.7878716954016463
E01_GT_RECOVERY,confirmation,beneficial,analytical_single_step,1010,theta_1,K1,beneficial_c-2.0,-2.0,L_T_beneficial,L_C_beneficial,0.8997108679051078,-0.8899747768721025,,1.7896856447772107,0.004208747791166552,1.78122784943676,1.7981434401176615,CERTIFIED,1.7878716954016463
E01_GT_RECOVERY,confirmation,beneficial,analytical_single_step,1011,theta_1,K1,beneficial_c-2.0,-2.0,L_T_beneficial,L_C_beneficial,0.8982287021222713,-0.8902904712933679,,1.7885191734156394,0.004390701743388646,1.7796957279185053,1.7973426189127735,CERTIFIED,1.7878716954016463
E01_GT_RECOVERY,confirmation,beneficial,analytical_single_step,1012,theta_1,K1,beneficial_c-2.0,-2.0,L_T_beneficial,L_C_beneficial,0.895093802746165,-0.8904805580437518,,1.7855743607899166,0.0040120235836589345,1.7775118975454172,1.793636824034416,CERTIFIED,1.7878716954016463
E01_GT_RECOVERY,confirmation,beneficial,analytical_single_step,1013,theta_1,K1,beneficial_c-2.0,-2.0,L_T_beneficial,L_C_beneficial,0.8660518572425179,-0.9264559857307856,,1.7925078429733032,0.0033032478155896805,1.785869717960993,1.7991459679856134,CERTIFIED,1.7878716954016463
E01_GT_RECOVERY,confirmation,beneficial,analytical_single_step,1014,theta_1,K1,beneficial_c-2.0,-2.0,L_T_beneficial,L_C_beneficial,0.922560849726899,-0.8676305075264595,,1.7901913572533588,0.0034454680004152643,1.7832674300794031,1.7971152844273144,CERTIFIED,1.7878716954016463
E01_GT_RECOVERY,confirmation,beneficial,analytical_single_step,1015,theta_1,K1,beneficial_c-2.0,-2.0,L_T_beneficial,L_C_beneficial,0.9009700458616594,-0.8886412327470333,,1.789611278608693,0.003970084422774406,1.781633095263373,1.7975894619540131,CERTIFIED,1.7878716954016463
E01_GT_RECOVERY,confirmation,beneficial,analytical_single_step,1016,theta_1,K1,beneficial_c-2.0,-2.0,L_T_beneficial,L_C_beneficial,0.9198782835746594,-0.8744880623697326,,1.794366345944392,0.003920905769820116,1.7864869908022443,1.8022457010865396,CERTIFIED,1.7878716954016463
E01_GT_RECOVERY,confirmation,beneficial,analytical_single_step,1017,theta_1,K1,beneficial_c-2.0,-2.0,L_T_beneficial,L_C_beneficial,0.8761878581157725,-0.9040140685528578,,1.7802019266686304,0.0032616213362348266,1.7736474531984405,1.7867564001388203,CERTIFIED,1.7878716954016463
E01_GT_RECOVERY,confirmation,beneficial,analytical_single_step,1018,theta_1,K1,beneficial_c-2.0,-2.0,L_T_beneficial,L_C_beneficial,0.9142204591893814,-0.8818816907083382,,1.7961021498977194,0.004349564078234009,1.7873613736337934,1.8048429261616454,CERTIFIED,1.7878716954016463
E01_GT_RECOVERY,confirmation,beneficial,analytical_single_step,1019,theta_1,K1,beneficial_c-2.0,-2.0,L_T_beneficial,L_C_beneficial,0.8875012784749817,-0.8989020030384615,,1.786403281513443,0.003704987190681971,1.7789578310011676,1.7938487320257184,CERTIFIED,1.7878716954016463
E01_GT_RECOVERY,confirmation,beneficial,analytical_single_step,1020,theta_1,K1,beneficial_c-2.0,-2.0,L_T_beneficial,L_C_beneficial,0.886755586848098,-0.904916145050064,,1.7916717318981616,0.003530894176910887,1.7845761343953177,1.7987673294010056,CERTIFIED,1.7878716954016463
E01_GT_RECOVERY,confirmation,beneficial,analytical_single_step,1021,theta_1,K1,beneficial_c-2.0,-2.0,L_T_beneficial,L_C_beneficial,0.8923126202248989,-0.8968968502671433,,1.7892094704920423,0.0031316005215617066,1.7829162836313308,1.7955026573527537,CERTIFIED,1.7878716954016463
E01_GT_RECOVERY,confirmation,beneficial,analytical_single_step,1022,theta_1,K1,beneficial_c-2.0,-2.0,L_T_beneficial,L_C_beneficial,0.8945037723884042,-0.8857280785581213,,1.7802318509465254,0.0034711773054038426,1.7732562589899008,1.78720744290315,CERTIFIED,1.7878716954016463
E01_GT_RECOVERY,confirmation,beneficial,analytical_single_step,1023,theta_1,K1,beneficial_c-2.0,-2.0,L_T_beneficial,L_C_beneficial,0.9006962620222949,-0.895530272172873,,1.7962265341951678,0.003875802217420688,1.7884378180350284,1.804015250355307,CERTIFIED,1.7878716954016463
E01_GT_RECOVERY,confirmation,beneficial,analytical_single_step,1024,theta_1,K1,beneficial_c-2.0,-2.0,L_T_beneficial,L_C_beneficial,0.9099667829210516,-0.8795773101631952,,1.7895440930842466,0.00390894447295638,1.7816887750680803,1.7973994111004128,CERTIFIED,1.7878716954016463
E01_GT_RECOVERY,confirmation,beneficial,analytical_single_step,1025,theta_1,K1,beneficial_c-2.0,-2.0,L_T_beneficial,L_C_beneficial,0.9138850957065603,-0.8773376091152485,,1.7912227048218086,0.0041316070476677645,1.7829199296092668,1.7995254800343503,CERTIFIED,1.7878716954016463
E01_GT_RECOVERY,confirmation,beneficial,analytical_single_step,1026,theta_1,K1,beneficial_c-2.0,-2.0,L_T_beneficial,L_C_beneficial,0.8901128312103141,-0.8919044163014582,,1.7820172475117722,0.0047535812525852615,1.772464568338895,1.7915699266846492,CERTIFIED,1.7878716954016463
E01_GT_RECOVERY,confirmation,beneficial,analytical_single_step,1027,theta_1,K1,beneficial_c-2.0,-2.0,L_T_beneficial,L_C_beneficial,0.9001443892681691,-0.8826341766818708,,1.7827785659500401,0.00393088104793454,1.7748791647360103,1.79067796716407,CERTIFIED,1.7878716954016463
E01_GT_RECOVERY,confirmation,beneficial,analytical_single_step,1028,theta_1,K1,beneficial_c-2.0,-2.0,L_T_beneficial,L_C_beneficial,0.8920812967089781,-0.8915624388834833,,1.7836437355924613,0.0036112715307106366,1.7763866137497955,1.790900857435127,CERTIFIED,1.7878716954016463
E01_GT_RECOVERY,confirmation,beneficial,analytical_single_step,1029,theta_1,K1,beneficial_c-2.0,-2.0,L_T_beneficial,L_C_beneficial,0.902719384778173,-0.8879276339532041,,1.790647018731377,0.003825639997473163,1.7829591073262838,1.7983349301364702,CERTIFIED,1.7878716954016463
E01_GT_RECOVERY,confirmation,beneficial,analytical_single_step,1000,theta_1,K1,beneficial_c-1.0,-1.0,L_T_beneficial,L_C_beneficial,0.8772052068793836,-0.9047207535689111,,1.7819259604482947,0.0038788535861066934,1.7741311123332046,1.7897208085633847,CERTIFIED,1.7878716954016463
E01_GT_RECOVERY,confirmation,beneficial,analytical_single_step,1001,theta_1,K1,beneficial_c-1.0,-1.0,L_T_beneficial,L_C_beneficial,0.8936325867726758,-0.8934416646392539,,1.7870742514119298,0.0038099356056942343,1.7794178991636695,1.79473060366019,CERTIFIED,1.7878716954016463
E01_GT_RECOVERY,confirmation,beneficial,analytical_single_step,1002,theta_1,K1,beneficial_c-1.0,-1.0,L_T_beneficial,L_C_beneficial,0.874869338540885,-0.9093418782831716,,1.784211216824057,0.0029946659515625667,1.7781932102843228,1.790229223363791,CERTIFIED,1.7878716954016463
E01_GT_RECOVERY,confirmation,beneficial,analytical_single_step,1003,theta_1,K1,beneficial_c-1.0,-1.0,L_T_beneficial,L_C_beneficial,0.8762129535784444,-0.9166712536283491,,1.7928842072067934,0.0035849249945414685,1.7856800307107972,1.8000883837027897,CERTIFIED,1.7878716954016463
E01_GT_RECOVERY,confirmation,beneficial,analytical_single_step,1004,theta_1,K1,beneficial_c-1.0,-1.0,L_T_beneficial,L_C_beneficial,0.8877551809468207,-0.9004484663627241,,1.7882036473095448,0.004151100488106053,1.7798616985618119,1.7965455960572778,CERTIFIED,1.7878716954016463
E01_GT_RECOVERY,confirmation,beneficial,analytical_single_step,1005,theta_1,K1,beneficial_c-1.0,-1.0,L_T_beneficial,L_C_beneficial,0.8607173766020931,-0.9236095012864537,,1.784326877888547,0.003705679911120997,1.776880035302431,1.791773720474663,CERTIFIED,1.7878716954016463
E01_GT_RECOVERY,confirmation,beneficial,analytical_single_step,1006,theta_1,K1,beneficial_c-1.0,-1.0,L_T_beneficial,L_C_beneficial,0.8923714470914201,-0.8912125098170152,,1.7835839569084353,0.0033313208135874,1.7768894170945169,1.7902784967223537,CERTIFIED,1.7878716954016463
E01_GT_RECOVERY,confirmation,beneficial,analytical_single_step,1007,theta_1,K1,beneficial_c-1.0,-1.0,L_T_beneficial,L_C_beneficial,0.9232885239800211,-0.8639795029384597,,1.7872680269184809,0.0034298320188099665,1.7803755214259673,1.7941605324109944,CERTIFIED,1.7878716954016463
E01_GT_RECOVERY,confirmation,beneficial,analytical_single_step,1008,theta_1,K1,beneficial_c-1.0,-1.0,L_T_beneficial,L_C_beneficial,0.899952173297318,-0.885827990196379,,1.7857801634936974,0.004339080852055096,1.7770604540615058,1.794499872925889,CERTIFIED,1.7878716954016463
E01_GT_RECOVERY,confirmation,beneficial,analytical_single_step,1009,theta_1,K1,beneficial_c-1.0,-1.0,L_T_beneficial,L_C_beneficial,0.8850339809111725,-0.8974497318330031,,1.7824837127441757,0.004135087323171084,1.774173943656164,1.7907934818321873,CERTIFIED,1.7878716954016463
E01_GT_RECOVERY,confirmation,beneficial,analytical_single_step,1010,theta_1,K1,beneficial_c-1.0,-1.0,L_T_beneficial,L_C_beneficial,0.8748394341312554,-0.9086429378111163,,1.7834823719423716,0.004038613994943248,1.77536647326581,1.791598270618933,CERTIFIED,1.7878716954016463
E01_GT_RECOVERY,confirmation,beneficial,analytical_single_step,1011,theta_1,K1,beneficial_c-1.0,-1.0,L_T_beneficial,L_C_beneficial,0.882398050244733,-0.9096812510561142,,1.7920793013008476,0.004236908400648381,1.7835649150969197,1.8005936875047754,CERTIFIED,1.7878716954016463
E01_GT_RECOVERY,confirmation,beneficial,analytical_single_step,1012,theta_1,K1,beneficial_c-1.0,-1.0,L_T_beneficial,L_C_beneficial,0.8885305868407462,-0.8988000444120783,,1.7873306312528245,0.004694515722877627,1.7778966487058159,1.7967646137998332,CERTIFIED,1.7878716954016463
E01_GT_RECOVERY,confirmation,beneficial,analytical_single_step,1013,theta_1,K1,beneficial_c-1.0,-1.0,L_T_beneficial,L_C_beneficial,0.8846642123893822,-0.9016612344206589,,1.7863254468100411,0.003805183230507702,1.7786786448172733,1.793972248802809,CERTIFIED,1.7878716954016463
E01_GT_RECOVERY,confirmation,beneficial,analytical_single_step,1014,theta_1,K1,beneficial_c-1.0,-1.0,L_T_beneficial,L_C_beneficial,0.8995512899574452,-0.8883360378700148,,1.7878873278274598,0.004079440292366176,1.7796893856345735,1.7960852700203462,CERTIFIED,1.7878716954016463
E01_GT_RECOVERY,confirmation,beneficial,analytical_single_step,1015,theta_1,K1,beneficial_c-1.0,-1.0,L_T_beneficial,L_C_beneficial,0.9051970540575577,-0.884493621164743,,1.7896906752223005,0.004288716400229349,1.7810721769453295,1.7983091734992716,CERTIFIED,1.7878716954016463
E01_GT_RECOVERY,confirmation,beneficial,analytical_single_step,1016,theta_1,K1,beneficial_c-1.0,-1.0,L_T_beneficial,L_C_beneficial,0.8725852272689089,-0.9139007510355813,,1.78648597830449,0.004087852207737403,1.7782711317347768,1.7947008248742031,CERTIFIED,1.7878716954016463
E01_GT_RECOVERY,confirmation,beneficial,analytical_single_step,1017,theta_1,K1,beneficial_c-1.0,-1.0,L_T_beneficial,L_C_beneficial,0.8927856781681096,-0.8909826895890882,,1.783768367757198,0.004217052404987778,1.7752938836704584,1.7922428518439377,CERTIFIED,1.7878716954016463
E01_GT_RECOVERY,confirmation,beneficial,analytical_single_step,1018,theta_1,K1,beneficial_c-1.0,-1.0,L_T_beneficial,L_C_beneficial,0.9001578052429956,-0.8868993741501847,,1.78705717939318,0.004160795078199078,1.7786957486372619,1.795418610149098,CERTIFIED,1.7878716954016463
E01_GT_RECOVERY,confirmation,beneficial,analytical_single_step,1019,theta_1,K1,beneficial_c-1.0,-1.0,L_T_beneficial,L_C_beneficial,0.9382081853044112,-0.8514030930892615,,1.7896112783936726,0.0039121037845015125,1.7817496115032587,1.7974729452840865,CERTIFIED,1.7878716954016463
E01_GT_RECOVERY,confirmation,beneficial,analytical_single_step,1020,theta_1,K1,beneficial_c-1.0,-1.0,L_T_beneficial,L_C_beneficial,0.9082218128344205,-0.8809661503688302,,1.7891879632032508,0.0037974050294912287,1.7815567920906352,1.7968191343158664,CERTIFIED,1.7878716954016463
E01_GT_RECOVERY,confirmation,beneficial,analytical_single_step,1021,theta_1,K1,beneficial_c-1.0,-1.0,L_T_beneficial,L_C_beneficial,0.8899698180608725,-0.8951301816387246,,1.7850999996995973,0.004376369062607322,1.776305356802843,1.7938946425963516,CERTIFIED,1.7878716954016463
E01_GT_RECOVERY,confirmation,beneficial,analytical_single_step,1022,theta_1,K1,beneficial_c-1.0,-1.0,L_T_beneficial,L_C_beneficial,0.8897284910146651,-0.8942629030008494,,1.7839913940155145,0.004275726088199062,1.7753990007479223,1.7925837872831067,CERTIFIED,1.7878716954016463
E01_GT_RECOVERY,confirmation,beneficial,analytical_single_step,1023,theta_1,K1,beneficial_c-1.0,-1.0,L_T_beneficial,L_C_beneficial,0.9071749571030964,-0.8818812128411453,,1.7890561699442418,0.003956537635891673,1.781105209886384,1.7970071300020996,CERTIFIED,1.7878716954016463
E01_GT_RECOVERY,confirmation,beneficial,analytical_single_step,1024,theta_1,K1,beneficial_c-1.0,-1.0,L_T_beneficial,L_C_beneficial,0.9072726752603796,-0.8886723908195036,,1.795945066079883,0.003173408492399976,1.7895678629562604,1.8023222692035057,CERTIFIED,1.7878716954016463
E01_GT_RECOVERY,confirmation,beneficial,analytical_single_step,1025,theta_1,K1,beneficial_c-1.0,-1.0,L_T_beneficial,L_C_beneficial,0.876111578784337,-0.9046867574354998,,1.7807983362198372,0.0034247375218092683,1.7739160685023418,1.7876806039373325,CERTIFIED,1.7878716954016463
E01_GT_RECOVERY,confirmation,beneficial,analytical_single_step,1026,theta_1,K1,beneficial_c-1.0,-1.0,L_T_beneficial,L_C_beneficial,0.8805097603486358,-0.9074832841939537,,1.7879930445425896,0.0034749527531314803,1.7810098655397024,1.7949762235454767,CERTIFIED,1.7878716954016463
E01_GT_RECOVERY,confirmation,beneficial,analytical_single_step,1027,theta_1,K1,beneficial_c-1.0,-1.0,L_T_beneficial,L_C_beneficial,0.8841653535861382,-0.8957735265179346,,1.7799388801040732,0.004401869944649315,1.7710929912662425,1.7887847689419039,CERTIFIED,1.7878716954016463
E01_GT_RECOVERY,confirmation,beneficial,analytical_single_step,1028,theta_1,K1,beneficial_c-1.0,-1.0,L_T_beneficial,L_C_beneficial,0.9085839143307795,-0.8736869172628843,,1.7822708315936637,0.0032121578628548676,1.7758157586947205,1.788725904492607,CERTIFIED,1.7878716954016463
E01_GT_RECOVERY,confirmation,beneficial,analytical_single_step,1029,theta_1,K1,beneficial_c-1.0,-1.0,L_T_beneficial,L_C_beneficial,0.8850496107173161,-0.8954585236309275,,1.7805081343482436,0.0034704019554902777,1.7735341005156056,1.7874821681808817,CERTIFIED,1.7878716954016463
E01_GT_RECOVERY,confirmation,beneficial,analytical_single_step,1000,theta_1,K1,beneficial_c0.0,0.0,L_T_beneficial,L_C_beneficial,0.9083509031189279,-0.8733626925337036,0.8939358477008231,1.7817135956526318,0.0037396528756212426,1.774198481838324,1.7892287094669395,CERTIFIED,1.7878716954016463
E01_GT_RECOVERY,confirmation,beneficial,analytical_single_step,1001,theta_1,K1,beneficial_c0.0,0.0,L_T_beneficial,L_C_beneficial,0.8798753699919145,-0.8993220469963309,0.8939358477008231,1.7791974169882456,0.0037893889754619867,1.7715823547393066,1.7868124792371847,CERTIFIED,1.7878716954016463
E01_GT_RECOVERY,confirmation,beneficial,analytical_single_step,1002,theta_1,K1,beneficial_c0.0,0.0,L_T_beneficial,L_C_beneficial,0.8952313879188586,-0.8968315306295118,0.8939358477008231,1.7920629185483703,0.004231586831156509,1.783559226438716,1.8005666106580247,CERTIFIED,1.7878716954016463
E01_GT_RECOVERY,confirmation,beneficial,analytical_single_step,1003,theta_1,K1,beneficial_c0.0,0.0,L_T_beneficial,L_C_beneficial,0.8880993153712703,-0.890273793389702,0.8939358477008231,1.7783731087609724,0.004230659414552674,1.7698712803647596,1.7868749371571853,CERTIFIED,1.7878716954016463
E01_GT_RECOVERY,confirmation,beneficial,analytical_single_step,1004,theta_1,K1,beneficial_c0.0,0.0,L_T_beneficial,L_C_beneficial,0.885180918963921,-0.8972841713127994,0.8939358477008231,1.78246509027672,0.0035241491338392833,1.7753830474454062,1.789547133108034,CERTIFIED,1.7878716954016463
E01_GT_RECOVERY,confirmation,beneficial,analytical_single_step,1005,theta_1,K1,beneficial_c0.0,0.0,L_T_beneficial,L_C_beneficial,0.9309661025262546,-0.8568193339141327,0.8939358477008231,1.7877854364403867,0.004283993831103256,1.7791764285213871,1.7963944443593862,CERTIFIED,1.7878716954016463
E01_GT_RECOVERY,confirmation,beneficial,analytical_single_step,1006,theta_1,K1,beneficial_c0.0,0.0,L_T_beneficial,L_C_beneficial,0.9088486173423606,-0.880223260686432,0.8939358477008231,1.7890718780287926,0.003965787727749341,1.7811023292153965,1.7970414268421888,CERTIFIED,1.7878716954016463
E01_GT_RECOVERY,confirmation,beneficial,analytical_single_step,1007,theta_1,K1,beneficial_c0.0,0.0,L_T_beneficial,L_C_beneficial,0.9085937159877264,-0.879134980586938,0.8939358477008231,1.7877286965746646,0.0035322233885388514,1.780630427921048,1.7948269652282811,CERTIFIED,1.7878716954016463
E01_GT_RECOVERY,confirmation,beneficial,analytical_single_step,1008,theta_1,K1,beneficial_c0.0,0.0,L_T_beneficial,L_C_beneficial,0.8922171803379499,-0.9011907845338675,0.8939358477008231,1.7934079648718175,0.003302867211853912,1.7867706047113499,1.8000453250322852,CERTIFIED,1.7878716954016463
E01_GT_RECOVERY,confirmation,beneficial,analytical_single_step,1009,theta_1,K1,beneficial_c0.0,0.0,L_T_beneficial,L_C_beneficial,0.8956649107472261,-0.8901870855036026,0.8939358477008231,1.7858519962508281,0.003821061514282083,1.7781732856521792,1.793530706849477,CERTIFIED,1.7878716954016463
E01_GT_RECOVERY,confirmation,beneficial,analytical_single_step,1010,theta_1,K1,beneficial_c0.0,0.0,L_T_beneficial,L_C_beneficial,0.8931460057994546,-0.898078817679838,0.8939358477008231,1.791224823479293,0.003545495969885414,1.7840998825748697,1.798349764383716,CERTIFIED,1.7878716954016463
E01_GT_RECOVERY,confirmation,beneficial,analytical_single_step,1011,theta_1,K1,beneficial_c0.0,0.0,L_T_beneficial,L_C_beneficial,0.9007243426628392,-0.8836872507441821,0.8939358477008231,1.784411593407021,0.0035356525907225688,1.777306433513613,1.791516753300429,CERTIFIED,1.7878716954016463
E01_GT_RECOVERY,confirmation,beneficial,analytical_single_step,1012,theta_1,K1,beneficial_c0.0,0.0,L_T_beneficial,L_C_beneficial,0.8912386950080493,-0.896709727925598,0.8939358477008231,1.7879484229336473,0.003927812877812072,1.7800551874383188,1.7958416584289758,CERTIFIED,1.7878716954016463
E01_GT_RECOVERY,confirmation,beneficial,analytical_single_step,1013,theta_1,K1,beneficial_c0.0,0.0,L_T_beneficial,L_C_beneficial,0.900187613444358,-0.8859480160618943,0.8939358477008231,1.786135629506252,0.0034897716759546096,1.7791226707630186,1.7931485882494855,CERTIFIED,1.7878716954016463
E01_GT_RECOVERY,confirmation,beneficial,analytical_single_step,1014,theta_1,K1,beneficial_c0.0,0.0,L_T_beneficial,L_C_beneficial,0.9087620031652323,-0.8809594462550225,0.8939358477008231,1.789721449420255,0.0037250620285422674,1.782235657010926,1.797207241829584,CERTIFIED,1.7878716954016463
E01_GT_RECOVERY,confirmation,beneficial,analytical_single_step,1015,theta_1,K1,beneficial_c0.0,0.0,L_T_beneficial,L_C_beneficial,0.8991577115968725,-0.8843218036277863,0.8939358477008231,1.7834795152246594,0.004188909132139686,1.775061587162127,1.791897443287192,CERTIFIED,1.7878716954016463
E01_GT_RECOVERY,confirmation,beneficial,analytical_single_step,1016,theta_1,K1,beneficial_c0.0,0.0,L_T_beneficial,L_C_beneficial,0.9160416092394817,-0.8732200325583365,0.8939358477008231,1.789261641797818,0.004915374379350026,1.7793838271638567,1.7991394564317793,CERTIFIED,1.7878716954016463
E01_GT_RECOVERY,confirmation,beneficial,analytical_single_step,1017,theta_1,K1,beneficial_c0.0,0.0,L_T_beneficial,L_C_beneficial,0.8922081501783136,-0.8907207475324033,0.8939358477008231,1.7829288977107165,0.0038778267489692686,1.7751361131021104,1.7907216823193226,CERTIFIED,1.7878716954016463
E01_GT_RECOVERY,confirmation,beneficial,analytical_single_step,1018,theta_1,K1,beneficial_c0.0,0.0,L_T_beneficial,L_C_beneficial,0.8732026538140711,-0.9110899173622774,0.8939358477008231,1.7842925711763487,0.004028309978363995,1.7761973791963477,1.7923877631563496,CERTIFIED,1.7878716954016463
E01_GT_RECOVERY,confirmation,beneficial,analytical_single_step,1019,theta_1,K1,beneficial_c0.0,0.0,L_T_beneficial,L_C_beneficial,0.9108056248505783,-0.8785041847013743,0.8939358477008231,1.7893098095519526,0.0037428022816642877,1.7817883667692493,1.796831252334656,CERTIFIED,1.7878716954016463
E01_GT_RECOVERY,confirmation,beneficial,analytical_single_step,1020,theta_1,K1,beneficial_c0.0,0.0,L_T_beneficial,L_C_beneficial,0.8859512178479667,-0.903199194028057,0.8939358477008231,1.7891504118760237,0.004231501529572523,1.7806468911863202,1.7976539325657273,CERTIFIED,1.7878716954016463
E01_GT_RECOVERY,confirmation,beneficial,analytical_single_step,1021,theta_1,K1,beneficial_c0.0,0.0,L_T_beneficial,L_C_beneficial,0.9144821009773888,-0.8705479805711156,0.8939358477008231,1.7850300815485043,0.003280006332917367,1.7784386620442465,1.791621501052762,CERTIFIED,1.7878716954016463
E01_GT_RECOVERY,confirmation,beneficial,analytical_single_step,1022,theta_1,K1,beneficial_c0.0,0.0,L_T_beneficial,L_C_beneficial,0.8937518816994552,-0.8926634988893173,0.8939358477008231,1.7864153805887721,0.004714144658366651,1.7769419522190735,1.7958888089584708,CERTIFIED,1.7878716954016463
E01_GT_RECOVERY,confirmation,beneficial,analytical_single_step,1023,theta_1,K1,beneficial_c0.0,0.0,L_T_beneficial,L_C_beneficial,0.8725540466364382,-0.917072068997162,0.8939358477008231,1.7896261156335997,0.004233817509854565,1.781117940807272,1.7981342904599276,CERTIFIED,1.7878716954016463
E01_GT_RECOVERY,confirmation,beneficial,analytical_single_step,1024,theta_1,K1,beneficial_c0.0,0.0,L_T_beneficial,L_C_beneficial,0.9133180683019778,-0.8755950700410605,0.8939358477008231,1.7889131383430381,0.0040065607406742105,1.780861653092525,1.7969646235935512,CERTIFIED,1.7878716954016463
E01_GT_RECOVERY,confirmation,beneficial,analytical_single_step,1025,theta_1,K1,beneficial_c0.0,0.0,L_T_beneficial,L_C_beneficial,0.888471964414789,-0.8940027664206583,0.8939358477008231,1.7824747308354474,0.004199179081320201,1.7740361645373552,1.7909132971335395,CERTIFIED,1.7878716954016463
E01_GT_RECOVERY,confirmation,beneficial,analytical_single_step,1026,theta_1,K1,beneficial_c0.0,0.0,L_T_beneficial,L_C_beneficial,0.8919127647333442,-0.8925991300023406,0.8939358477008231,1.7845118947356848,0.0041394895050838884,1.776193279131912,1.7928305103394577,CERTIFIED,1.7878716954016463
E01_GT_RECOVERY,confirmation,beneficial,analytical_single_step,1027,theta_1,K1,beneficial_c0.0,0.0,L_T_beneficial,L_C_beneficial,0.9047666370848624,-0.879379601407166,0.8939358477008231,1.7841462384920286,0.003153250479795287,1.7778095444113662,1.790482932572691,CERTIFIED,1.7878716954016463
E01_GT_RECOVERY,confirmation,beneficial,analytical_single_step,1028,theta_1,K1,beneficial_c0.0,0.0,L_T_beneficial,L_C_beneficial,0.9131749104708355,-0.870665651078318,0.8939358477008231,1.7838405615491533,0.004044403494951936,1.7757130284367388,1.7919680946615677,CERTIFIED,1.7878716954016463
E01_GT_RECOVERY,confirmation,beneficial,analytical_single_step,1029,theta_1,K1,beneficial_c0.0,0.0,L_T_beneficial,L_C_beneficial,0.9131172677094439,-0.8757445460767462,0.8939358477008231,1.7888618137861902,0.004559962098947746,1.779698226869897,1.7980254007024834,CERTIFIED,1.7878716954016463
E01_GT_RECOVERY,confirmation,beneficial,analytical_single_step,1000,theta_1,K1,beneficial_c1.0,1.0,L_T_beneficial,L_C_beneficial,0.9084857474920015,-0.8832987112889163,,1.7917844587809177,0.0038050616911632015,1.784137901030607,1.7994310165312284,CERTIFIED,1.7878716954016463
E01_GT_RECOVERY,confirmation,beneficial,analytical_single_step,1001,theta_1,K1,beneficial_c1.0,1.0,L_T_beneficial,L_C_beneficial,0.8780947581724463,-0.913707213925556,,1.7918019720980025,0.0046013667765576385,1.782555179366883,1.801048764829122,CERTIFIED,1.7878716954016463
E01_GT_RECOVERY,confirmation,beneficial,analytical_single_step,1002,theta_1,K1,beneficial_c1.0,1.0,L_T_beneficial,L_C_beneficial,0.9026775180137405,-0.8890438127289201,,1.7917213307426607,0.0036712508925145168,1.7843436758597748,1.7990989856255466,CERTIFIED,1.7878716954016463
E01_GT_RECOVERY,confirmation,beneficial,analytical_single_step,1003,theta_1,K1,beneficial_c1.0,1.0,L_T_beneficial,L_C_beneficial,0.896457864805071,-0.8931838973547686,,1.789641762159839,0.004482031123682949,1.7806347834016432,1.798648740918035,CERTIFIED,1.7878716954016463
E01_GT_RECOVERY,confirmation,beneficial,analytical_single_step,1004,theta_1,K1,beneficial_c1.0,1.0,L_T_beneficial,L_C_beneficial,0.9004855474115006,-0.8911358651736399,,1.7916214125851406,0.0034830357883540008,1.7846219901148295,1.7986208350554518,CERTIFIED,1.7878716954016463
E01_GT_RECOVERY,confirmation,beneficial,analytical_single_step,1005,theta_1,K1,beneficial_c1.0,1.0,L_T_beneficial,L_C_beneficial,0.9020655626447903,-0.8934522361078622,,1.7955177987526525,0.004512846046793822,1.786448895088039,1.804586702417266,CERTIFIED,1.7878716954016463
E01_GT_RECOVERY,confirmation,beneficial,analytical_single_step,1006,theta_1,K1,beneficial_c1.0,1.0,L_T_beneficial,L_C_beneficial,0.8974559469535346,-0.8861853846484954,,1.7836413316020296,0.0037962399792999977,1.7760125017454285,1.7912701614586308,CERTIFIED,1.7878716954016463
E01_GT_RECOVERY,confirmation,beneficial,analytical_single_step,1007,theta_1,K1,beneficial_c1.0,1.0,L_T_beneficial,L_C_beneficial,0.8884959462177038,-0.9063935720989257,,1.7948895183166298,0.004011515018943366,1.786828077071189,1.8029509595620705,CERTIFIED,1.7878716954016463
E01_GT_RECOVERY,confirmation,beneficial,analytical_single_step,1008,theta_1,K1,beneficial_c1.0,1.0,L_T_beneficial,L_C_beneficial,0.9193363877305704,-0.8671163620662554,,1.786452749796826,0.0034265176724510636,1.7795669047326825,1.7933385948609692,CERTIFIED,1.7878716954016463
E01_GT_RECOVERY,confirmation,beneficial,analytical_single_step,1009,theta_1,K1,beneficial_c1.0,1.0,L_T_beneficial,L_C_beneficial,0.8908706652676783,-0.9028793559198857,,1.793750021187564,0.0035625610253883127,1.786590786770182,1.8009092556049462,CERTIFIED,1.7878716954016463
E01_GT_RECOVERY,confirmation,beneficial,analytical_single_step,1010,theta_1,K1,beneficial_c1.0,1.0,L_T_beneficial,L_C_beneficial,0.8865300498951298,-0.8974754565880151,,1.7840055064831444,0.00454785614471699,1.774866247392695,1.7931447655735937,CERTIFIED,1.7878716954016463
E01_GT_RECOVERY,confirmation,beneficial,analytical_single_step,1011,theta_1,K1,beneficial_c1.0,1.0,L_T_beneficial,L_C_beneficial,0.8865703908296684,-0.8959016820832956,,1.7824720729129637,0.00364151338667012,1.7751541777854367,1.7897899680404907,CERTIFIED,1.7878716954016463
E01_GT_RECOVERY,confirmation,beneficial,analytical_single_step,1012,theta_1,K1,beneficial_c1.0,1.0,L_T_beneficial,L_C_beneficial,0.8720739481672085,-0.9162835985718703,,1.7883575467390787,0.00390860968311221,1.7805029015082927,1.7962121919698646,CERTIFIED,1.7878716954016463
E01_GT_RECOVERY,confirmation,beneficial,analytical_single_step,1013,theta_1,K1,beneficial_c1.0,1.0,L_T_beneficial,L_C_beneficial,0.8759554481585444,-0.9126264896085611,,1.7885819377671055,0.003685664253778824,1.7811753181503391,1.7959885573838719,CERTIFIED,1.7878716954016463
E01_GT_RECOVERY,confirmation,beneficial,analytical_single_step,1014,theta_1,K1,beneficial_c1.0,1.0,L_T_beneficial,L_C_beneficial,0.8876197177624056,-0.9048147988549418,,1.7924345166173472,0.0034081871695470344,1.785585508077924,1.7992835251567705,CERTIFIED,1.7878716954016463
E01_GT_RECOVERY,confirmation,beneficial,analytical_single_step,1015,theta_1,K1,beneficial_c1.0,1.0,L_T_beneficial,L_C_beneficial,0.9004664466899568,-0.8863303016603521,,1.7867967483503089,0.003802042482799399,1.7791562579263618,1.794437238774256,CERTIFIED,1.7878716954016463
E01_GT_RECOVERY,confirmation,beneficial,analytical_single_step,1016,theta_1,K1,beneficial_c1.0,1.0,L_T_beneficial,L_C_beneficial,0.879181002854676,-0.907792994241004,,1.7869739970956804,0.004487219738607808,1.7779565914254165,1.7959914027659443,CERTIFIED,1.7878716954016463
E01_GT_RECOVERY,confirmation,beneficial,analytical_single_step,1017,theta_1,K1,beneficial_c1.0,1.0,L_T_beneficial,L_C_beneficial,0.9018960498414142,-0.8864854869973869,,1.7883815368388014,0.0046002321817242755,1.7791370241613633,1.7976260495162395,CERTIFIED,1.7878716954016463
E01_GT_RECOVERY,confirmation,beneficial,analytical_single_step,1018,theta_1,K1,beneficial_c1.0,1.0,L_T_beneficial,L_C_beneficial,0.9031765791798532,-0.8851295041149381,,1.7883060832947912,0.003997003099650973,1.7802738048430038,1.7963383617465787,CERTIFIED,1.7878716954016463
E01_GT_RECOVERY,confirmation,beneficial,analytical_single_step,1019,theta_1,K1,beneficial_c1.0,1.0,L_T_beneficial,L_C_beneficial,0.8856594926805517,-0.8991531769622472,,1.7848126696427988,0.004066548382069967,1.776640634713603,1.7929847045719947,CERTIFIED,1.7878716954016463
E01_GT_RECOVERY,confirmation,beneficial,analytical_single_step,1020,theta_1,K1,beneficial_c1.0,1.0,L_T_beneficial,L_C_beneficial,0.8849081804487783,-0.8985009280077608,,1.7834091084565389,0.004415369153507194,1.7745360919428665,1.7922821249702112,CERTIFIED,1.7878716954016463
E01_GT_RECOVERY,confirmation,beneficial,analytical_single_step,1021,theta_1,K1,beneficial_c1.0,1.0,L_T_beneficial,L_C_beneficial,0.8861882798222883,-0.9030883513548913,,1.7892766311771797,0.0037553022649792346,1.7817300687375421,1.7968231936168173,CERTIFIED,1.7878716954016463
E01_GT_RECOVERY,confirmation,beneficial,analytical_single_step,1022,theta_1,K1,beneficial_c1.0,1.0,L_T_beneficial,L_C_beneficial,0.9015202370954877,-0.8803114385053459,,1.7818316756008332,0.00479540159295424,1.7721949553075422,1.7914683958941242,CERTIFIED,1.7878716954016463
E01_GT_RECOVERY,confirmation,beneficial,analytical_single_step,1023,theta_1,K1,beneficial_c1.0,1.0,L_T_beneficial,L_C_beneficial,0.8905200116470239,-0.9028481806175849,,1.7933681922646088,0.003433161759097346,1.7864689954084676,1.80026738912075,CERTIFIED,1.7878716954016463
E01_GT_RECOVERY,confirmation,beneficial,analytical_single_step,1024,theta_1,K1,beneficial_c1.0,1.0,L_T_beneficial,L_C_beneficial,0.9105082826299273,-0.8909409094932941,,1.8014491921232214,0.003926353233432934,1.7935588898930923,1.8093394943533505,CERTIFIED,1.7878716954016463
E01_GT_RECOVERY,confirmation,beneficial,analytical_single_step,1025,theta_1,K1,beneficial_c1.0,1.0,L_T_beneficial,L_C_beneficial,0.8907231443851635,-0.9005852308355218,,1.7913083752206853,0.004345913425118644,1.7825749352188593,1.8000418152225113,CERTIFIED,1.7878716954016463
E01_GT_RECOVERY,confirmation,beneficial,analytical_single_step,1026,theta_1,K1,beneficial_c1.0,1.0,L_T_beneficial,L_C_beneficial,0.8993829469562487,-0.8895631727282666,,1.788946119684515,0.00403251168354289,1.7808424840618327,1.7970497553071971,CERTIFIED,1.7878716954016463
E01_GT_RECOVERY,confirmation,beneficial,analytical_single_step,1027,theta_1,K1,beneficial_c1.0,1.0,L_T_beneficial,L_C_beneficial,0.8906704424382632,-0.8978766364783967,,1.7885470789166602,0.0040708385881380645,1.7803664224955877,1.7967277353377327,CERTIFIED,1.7878716954016463
E01_GT_RECOVERY,confirmation,beneficial,analytical_single_step,1028,theta_1,K1,beneficial_c1.0,1.0,L_T_beneficial,L_C_beneficial,0.9146845198081327,-0.876490411060939,,1.7911749308690716,0.004119596919914651,1.7828962909118573,1.799453570826286,CERTIFIED,1.7878716954016463
E01_GT_RECOVERY,confirmation,beneficial,analytical_single_step,1029,theta_1,K1,beneficial_c1.0,1.0,L_T_beneficial,L_C_beneficial,0.8573303351818982,-0.9296672390460394,,1.7869975742279374,0.004105763376835722,1.778746733816336,1.7952484146395387,CERTIFIED,1.7878716954016463
E01_GT_RECOVERY,confirmation,beneficial,analytical_single_step,1000,theta_1,K1,beneficial_c2.0,2.0,L_T_beneficial,L_C_beneficial,0.8922228113132479,-0.8983243592980112,,1.790547170611259,0.003987932992601614,1.7825331192219962,1.7985612220005218,CERTIFIED,1.7878716954016463
E01_GT_RECOVERY,confirmation,beneficial,analytical_single_step,1001,theta_1,K1,beneficial_c2.0,2.0,L_T_beneficial,L_C_beneficial,0.8984638734070013,-0.8918666974761397,,1.7903305708831407,0.003335000661133956,1.7836286361387164,1.7970325056275651,CERTIFIED,1.7878716954016463
E01_GT_RECOVERY,confirmation,beneficial,analytical_single_step,1002,theta_1,K1,beneficial_c2.0,2.0,L_T_beneficial,L_C_beneficial,0.9173970194750065,-0.8667597407207672,,1.784156760195774,0.003367343230192766,1.7773898306254639,1.790923689766084,CERTIFIED,1.7878716954016463
E01_GT_RECOVERY,confirmation,beneficial,analytical_single_step,1003,theta_1,K1,beneficial_c2.0,2.0,L_T_beneficial,L_C_beneficial,0.9297283742365194,-0.8539027543359278,,1.7836311285724469,0.003248321117625028,1.7771033828922236,1.7901588742526702,CERTIFIED,1.7878716954016463
E01_GT_RECOVERY,confirmation,beneficial,analytical_single_step,1004,theta_1,K1,beneficial_c2.0,2.0,L_T_beneficial,L_C_beneficial,0.8891912835647752,-0.8925478552336369,,1.7817391387984116,0.003798388744326497,1.7741059908368226,1.7893722867600006,CERTIFIED,1.7878716954016463
E01_GT_RECOVERY,confirmation,beneficial,analytical_single_step,1005,theta_1,K1,beneficial_c2.0,2.0,L_T_beneficial,L_C_beneficial,0.90247119393797,-0.8922435798747902,,1.7947147738127607,0.0035823007100754924,1.7875158710138426,1.8019136766116788,CERTIFIED,1.7878716954016463
E01_GT_RECOVERY,confirmation,beneficial,analytical_single_step,1006,theta_1,K1,beneficial_c2.0,2.0,L_T_beneficial,L_C_beneficial,0.8938900554205773,-0.8971275246087412,,1.7910175800293182,0.0028621549079496317,1.7852658644014747,1.7967692956571617,CERTIFIED,1.7878716954016463
E01_GT_RECOVERY,confirmation,beneficial,analytical_single_step,1007,theta_1,K1,beneficial_c2.0,2.0,L_T_beneficial,L_C_beneficial,0.891456009324466,-0.891610901309265,,1.7830669106337314,0.0034997972403323853,1.776033804764586,1.7901000165028766,CERTIFIED,1.7878716954016463
E01_GT_RECOVERY,confirmation,beneficial,analytical_single_step,1008,theta_1,K1,beneficial_c2.0,2.0,L_T_beneficial,L_C_beneficial,0.8681455003229557,-0.9203009890869588,,1.7884464894099141,0.0037793272470663655,1.7808516469612017,1.7960413318586266,CERTIFIED,1.7878716954016463
E01_GT_RECOVERY,confirmation,beneficial,analytical_single_step,1009,theta_1,K1,beneficial_c2.0,2.0,L_T_beneficial,L_C_beneficial,0.9195426385305778,-0.8703885673621384,,1.7899312058927166,0.004216477795045583,1.7814578765278877,1.7984045352575455,CERTIFIED,1.7878716954016463
E01_GT_RECOVERY,confirmation,beneficial,analytical_single_step,1010,theta_1,K1,beneficial_c2.0,2.0,L_T_beneficial,L_C_beneficial,0.9181425813302485,-0.8729418825012839,,1.7910844638315322,0.0034724598972743206,1.7841062944100454,1.798062633253019,CERTIFIED,1.7878716954016463
E01_GT_RECOVERY,confirmation,beneficial,analytical_single_step,1011,theta_1,K1,beneficial_c2.0,2.0,L_T_beneficial,L_C_beneficial,0.8966946159715228,-0.8872417231541967,,1.7839363391257193,0.003880871985033996,1.7761374348861263,1.7917352433653122,CERTIFIED,1.7878716954016463
E01_GT_RECOVERY,confirmation,beneficial,analytical_single_step,1012,theta_1,K1,beneficial_c2.0,2.0,L_T_beneficial,L_C_beneficial,0.8797927417508086,-0.9050207765244189,,1.7848135182752276,0.003464239160357636,1.7778518690430796,1.7917751675073756,CERTIFIED,1.7878716954016463
E01_GT_RECOVERY,confirmation,beneficial,analytical_single_step,1013,theta_1,K1,beneficial_c2.0,2.0,L_T_beneficial,L_C_beneficial,0.8889492375761509,-0.8983330375869701,,1.787282275163121,0.004947878473237508,1.777339141106978,1.7972254092192639,CERTIFIED,1.7878716954016463
E01_GT_RECOVERY,confirmation,beneficial,analytical_single_step,1014,theta_1,K1,beneficial_c2.0,2.0,L_T_beneficial,L_C_beneficial,0.8833362330880802,-0.9049412952059193,,1.7882775282939998,0.0038403186227845406,1.7805601190869658,1.7959949375010338,CERTIFIED,1.7878716954016463
E01_GT_RECOVERY,confirmation,beneficial,analytical_single_step,1015,theta_1,K1,beneficial_c2.0,2.0,L_T_beneficial,L_C_beneficial,0.8981362621853934,-0.8846945511099176,,1.7828308132953112,0.003540988902109937,1.7757149296826817,1.7899466969079407,CERTIFIED,1.7878716954016463
E01_GT_RECOVERY,confirmation,beneficial,analytical_single_step,1016,theta_1,K1,beneficial_c2.0,2.0,L_T_beneficial,L_C_beneficial,0.9169596383032799,-0.8686313372388653,,1.7855909755421453,0.0039298545627160595,1.7776936371273917,1.793488313956899,CERTIFIED,1.7878716954016463
E01_GT_RECOVERY,confirmation,beneficial,analytical_single_step,1017,theta_1,K1,beneficial_c2.0,2.0,L_T_beneficial,L_C_beneficial,0.873446079812625,-0.9085948297485804,,1.7820409095612055,0.004636934928775937,1.7727226399521578,1.7913591791702532,CERTIFIED,1.7878716954016463
E01_GT_RECOVERY,confirmation,beneficial,analytical_single_step,1018,theta_1,K1,beneficial_c2.0,2.0,L_T_beneficial,L_C_beneficial,0.8932918896182974,-0.8912383456715992,,1.7845302352898966,0.0040536100351279926,1.7763842009423247,1.7926762696374685,CERTIFIED,1.7878716954016463
E01_GT_RECOVERY,confirmation,beneficial,analytical_single_step,1019,theta_1,K1,beneficial_c2.0,2.0,L_T_beneficial,L_C_beneficial,0.8917959612585298,-0.8864955161270711,,1.7782914773856007,0.0038602225330798905,1.770534069773315,1.7860488849978864,CERTIFIED,1.7878716954016463
E01_GT_RECOVERY,confirmation,beneficial,analytical_single_step,1020,theta_1,K1,beneficial_c2.0,2.0,L_T_beneficial,L_C_beneficial,0.90126608363444,-0.8801680986884545,,1.7814341823228943,0.003983763453081312,1.7734285099370015,1.789439854708787,CERTIFIED,1.7878716954016463
E01_GT_RECOVERY,confirmation,beneficial,analytical_single_step,1021,theta_1,K1,beneficial_c2.0,2.0,L_T_beneficial,L_C_beneficial,0.8901363581655213,-0.9005063797284756,,1.7906427378939969,0.003881376178210465,1.7828428204402818,1.798442655347712,CERTIFIED,1.7878716954016463
E01_GT_RECOVERY,confirmation,beneficial,analytical_single_step,1022,theta_1,K1,beneficial_c2.0,2.0,L_T_beneficial,L_C_beneficial,0.8846819745455373,-0.9020753344428231,,1.7867573089883606,0.00399723189946318,1.7787245707461363,1.7947900472305849,CERTIFIED,1.7878716954016463
E01_GT_RECOVERY,confirmation,beneficial,analytical_single_step,1023,theta_1,K1,beneficial_c2.0,2.0,L_T_beneficial,L_C_beneficial,0.9098449441060847,-0.8852287036219605,,1.7950736477280456,0.004078499341374855,1.7868775964469708,1.8032696990091204,CERTIFIED,1.7878716954016463
E01_GT_RECOVERY,confirmation,beneficial,analytical_single_step,1024,theta_1,K1,beneficial_c2.0,2.0,L_T_beneficial,L_C_beneficial,0.9195879181825495,-0.871360671133089,,1.7909485893156383,0.004163689279460837,1.7825813424445334,1.7993158361867432,CERTIFIED,1.7878716954016463
E01_GT_RECOVERY,confirmation,beneficial,analytical_single_step,1025,theta_1,K1,beneficial_c2.0,2.0,L_T_beneficial,L_C_beneficial,0.8770798895399708,-0.9046215515025353,,1.7817014410425065,0.004266032306715334,1.773128528158138,1.790274353926875,CERTIFIED,1.7878716954016463
E01_GT_RECOVERY,confirmation,beneficial,analytical_single_step,1026,theta_1,K1,beneficial_c2.0,2.0,L_T_beneficial,L_C_beneficial,0.8803740701295086,-0.9083171591742069,,1.7886912293037154,0.005072782988082834,1.7784970902275337,1.798885368379897,CERTIFIED,1.7878716954016463
E01_GT_RECOVERY,confirmation,beneficial,analytical_single_step,1027,theta_1,K1,beneficial_c2.0,2.0,L_T_beneficial,L_C_beneficial,0.884939803434564,-0.908017094192705,,1.7929568976272694,0.003811749506827276,1.7852969002082097,1.800616895046329,CERTIFIED,1.7878716954016463
E01_GT_RECOVERY,confirmation,beneficial,analytical_single_step,1028,theta_1,K1,beneficial_c2.0,2.0,L_T_beneficial,L_C_beneficial,0.8878762104996283,-0.8997287037270526,,1.787604914226681,0.0038913430385266496,1.7797849676172826,1.7954248608360794,CERTIFIED,1.7878716954016463
E01_GT_RECOVERY,confirmation,beneficial,analytical_single_step,1029,theta_1,K1,beneficial_c2.0,2.0,L_T_beneficial,L_C_beneficial,0.9075744775643477,-0.8770834628974729,,1.7846579404618204,0.003639141574360742,1.7773448116695776,1.7919710692540631,CERTIFIED,1.7878716954016463
E01_GT_RECOVERY,confirmation,neutral,analytical_single_step,1000,theta_1,K1,neutral_c-2.0,-2.0,L_T_neutral,L_C_neutral,0.4636035046004364,0.46334660240167475,,0.00025690219876171037,0.004000413540918871,-0.00778222979134535,0.00829603418886877,CERTIFIED,0.0
E01_GT_RECOVERY,confirmation,neutral,analytical_single_step,1001,theta_1,K1,neutral_c-2.0,-2.0,L_T_neutral,L_C_neutral,0.4501042211484186,0.45386737439540253,,-0.0037631532469839402,0.004220846239912311,-0.01224526133044178,0.0047189548364739,CERTIFIED,0.0
E01_GT_RECOVERY,confirmation,neutral,analytical_single_step,1002,theta_1,K1,neutral_c-2.0,-2.0,L_T_neutral,L_C_neutral,0.4685819896788122,0.46267459236083597,,0.005907397317976262,0.00395031993560414,-0.002031067803351789,0.013845862439304312,CERTIFIED,0.0
E01_GT_RECOVERY,confirmation,neutral,analytical_single_step,1003,theta_1,K1,neutral_c-2.0,-2.0,L_T_neutral,L_C_neutral,0.4556331884809719,0.45169789181324377,,0.003935296667728092,0.004123495722700632,-0.004351178227019433,0.012221771562475617,CERTIFIED,0.0
E01_GT_RECOVERY,confirmation,neutral,analytical_single_step,1004,theta_1,K1,neutral_c-2.0,-2.0,L_T_neutral,L_C_neutral,0.45376944767312616,0.45473275112506484,,-0.0009633034519387462,0.0038296865573047845,-0.008659346723465168,0.006732739819587676,CERTIFIED,0.0
E01_GT_RECOVERY,confirmation,neutral,analytical_single_step,1005,theta_1,K1,neutral_c-2.0,-2.0,L_T_neutral,L_C_neutral,0.4584586998651947,0.4556143010053825,,0.002844398859812136,0.004176374229032945,-0.005548339371837187,0.01123713709146146,CERTIFIED,0.0
E01_GT_RECOVERY,confirmation,neutral,analytical_single_step,1006,theta_1,K1,neutral_c-2.0,-2.0,L_T_neutral,L_C_neutral,0.4724350121826295,0.47249649784048914,,-6.148565785960403e-05,0.004754907296339033,-0.009616829615427666,0.009493858299708459,CERTIFIED,0.0
E01_GT_RECOVERY,confirmation,neutral,analytical_single_step,1007,theta_1,K1,neutral_c-2.0,-2.0,L_T_neutral,L_C_neutral,0.45797070700212555,0.45961652748034376,,-0.0016458204782182273,0.004256710242891265,-0.010199999973966901,0.006908359017530448,CERTIFIED,0.0
E01_GT_RECOVERY,confirmation,neutral,analytical_single_step,1008,theta_1,K1,neutral_c-2.0,-2.0,L_T_neutral,L_C_neutral,0.4335672440759785,0.4413105290575594,,-0.007743284981580948,0.0036558504924467782,-0.015089991601848728,-0.0003965783613131676,CERTIFIED,0.0
E01_GT_RECOVERY,confirmation,neutral,analytical_single_step,1009,theta_1,K1,neutral_c-2.0,-2.0,L_T_neutral,L_C_neutral,0.468769206033841,0.46828880083867547,,0.00048040519516554637,0.0038926517269499273,-0.007342171322081396,0.00830298171241249,CERTIFIED,0.0
E01_GT_RECOVERY,confirmation,neutral,analytical_single_step,1010,theta_1,K1,neutral_c-2.0,-2.0,L_T_neutral,L_C_neutral,0.44538781802712696,0.44249790160509783,,0.002889916422029324,0.004306622962171828,-0.005764566438403354,0.011544399282462002,CERTIFIED,0.0
E01_GT_RECOVERY,confirmation,neutral,analytical_single_step,1011,theta_1,K1,neutral_c-2.0,-2.0,L_T_neutral,L_C_neutral,0.45086337343629146,0.45644547293005916,,-0.005582099493767664,0.003518006196194998,-0.012651797629708361,0.0014875986421730323,CERTIFIED,0.0
E01_GT_RECOVERY,confirmation,neutral,analytical_single_step,1012,theta_1,K1,neutral_c-2.0,-2.0,L_T_neutral,L_C_neutral,0.4565942126770067,0.45746289207491486,,-0.0008686793979081276,0.003559904524469478,-0.008022575376826331,0.006285216581010076,CERTIFIED,0.0
E01_GT_RECOVERY,confirmation,neutral,analytical_single_step,1013,theta_1,K1,neutral_c-2.0,-2.0,L_T_neutral,L_C_neutral,0.43598979853377556,0.43219731208497714,,0.0037924864487984046,0.0037635183080340128,-0.00377058674750928,0.01135555964510609,CERTIFIED,0.0
E01_GT_RECOVERY,confirmation,neutral,analytical_single_step,1014,theta_1,K1,neutral_c-2.0,-2.0,L_T_neutral,L_C_neutral,0.4666372605871535,0.461948310155749,,0.004688950431404509,0.004404982733842583,-0.004163193790507404,0.013541094653316422,CERTIFIED,0.0
E01_GT_RECOVERY,confirmation,neutral,analytical_single_step,1015,theta_1,K1,neutral_c-2.0,-2.0,L_T_neutral,L_C_neutral,0.45170199317990956,0.45160207595519936,,9.99172247101221e-05,0.004030911289965925,-0.00800050228667008,0.008200336736090323,CERTIFIED,0.0
E01_GT_RECOVERY,confirmation,neutral,analytical_single_step,1016,theta_1,K1,neutral_c-2.0,-2.0,L_T_neutral,L_C_neutral,0.43348155069673205,0.43209660924205245,,0.0013849414546796201,0.0034406419003748267,-0.005529287308142918,0.008299170217502158,CERTIFIED,0.0
E01_GT_RECOVERY,confirmation,neutral,analytical_single_step,1017,theta_1,K1,neutral_c-2.0,-2.0,L_T_neutral,L_C_neutral,0.4390293776321929,0.43767069222982913,,0.0013586854023636174,0.004039972240592833,-0.00675994277102127,0.009477313575748506,CERTIFIED,0.0
E01_GT_RECOVERY,confirmation,neutral,analytical_single_step,1018,theta_1,K1,neutral_c-2.0,-2.0,L_T_neutral,L_C_neutral,0.44903984948285613,0.44665273889494495,,0.002387110587911141,0.0039356011265599036,-0.005521775979241578,0.01029599715506386,CERTIFIED,0.0
E01_GT_RECOVERY,confirmation,neutral,analytical_single_step,1019,theta_1,K1,neutral_c-2.0,-2.0,L_T_neutral,L_C_neutral,0.4587725816657995,0.4653373706730635,,-0.006564789007264094,0.0039473259527751225,-0.014497237494838562,0.0013676594803103724,CERTIFIED,0.0
E01_GT_RECOVERY,confirmation,neutral,analytical_single_step,1020,theta_1,K1,neutral_c-2.0,-2.0,L_T_neutral,L_C_neutral,0.43147806965813557,0.43894629325847434,,-0.007468223600338706,0.0035316512737905525,-0.014565342546324135,-0.000371104654353277,CERTIFIED,0.0
E01_GT_RECOVERY,confirmation,neutral,analytical_single_step,1021,theta_1,K1,neutral_c-2.0,-2.0,L_T_neutral,L_C_neutral,0.43394024935655623,0.44137064384400615,,-0.007430394487449945,0.004768071400322701,-0.01701219270240258,0.0021514037275026897,CERTIFIED,0.0
E01_GT_RECOVERY,confirmation,neutral,analytical_single_step,1022,theta_1,K1,neutral_c-2.0,-2.0,L_T_neutral,L_C_neutral,0.43354738096636525,0.43700769412680934,,-0.003460313160444037,0.00431151899487857,-0.012124634966964358,0.005204008646076283,CERTIFIED,0.0
E01_GT_RECOVERY,confirmation,neutral,analytical_single_step,1023,theta_1,K1,neutral_c-2.0,-2.0,L_T_neutral,L_C_neutral,0.4436586865882228,0.4449141112572705,,-0.0012554246690476912,0.0037901925543298476,-0.008872101770180572,0.006361252432085189,CERTIFIED,0.0
E01_GT_RECOVERY,confirmation,neutral,analytical_single_step,1024,theta_1,K1,neutral_c-2.0,-2.0,L_T_neutral,L_C_neutral,0.46315914975087497,0.45999769638010135,,0.0031614533707737,0.003698725224382966,-0.004271413249091598,0.010594319990638998,CERTIFIED,0.0
E01_GT_RECOVERY,confirmation,neutral,analytical_single_step,1025,theta_1,K1,neutral_c-2.0,-2.0,L_T_neutral,L_C_neutral,0.44104629308442533,0.4426882634355558,,-0.001641970351130484,0.0038712546049199286,-0.009421547741800108,0.006137607039539141,CERTIFIED,0.0
E01_GT_RECOVERY,confirmation,neutral,analytical_single_step,1026,theta_1,K1,neutral_c-2.0,-2.0,L_T_neutral,L_C_neutral,0.4500467720750115,0.4516639725710641,,-0.0016172004960526988,0.0036437148892488054,-0.008939519708646206,0.005705118716540809,CERTIFIED,0.0
E01_GT_RECOVERY,confirmation,neutral,analytical_single_step,1027,theta_1,K1,neutral_c-2.0,-2.0,L_T_neutral,L_C_neutral,0.442861327249397,0.4435873679987067,,-0.0007260407493096493,0.0041730207749388565,-0.009112039962652644,0.007659958464033344,CERTIFIED,0.0
E01_GT_RECOVERY,confirmation,neutral,analytical_single_step,1028,theta_1,K1,neutral_c-2.0,-2.0,L_T_neutral,L_C_neutral,0.42644798383154603,0.4301901214205561,,-0.0037421375890101805,0.0034826982428862686,-0.010740881736307939,0.003256606558287578,CERTIFIED,0.0
E01_GT_RECOVERY,confirmation,neutral,analytical_single_step,1029,theta_1,K1,neutral_c-2.0,-2.0,L_T_neutral,L_C_neutral,0.45791389648829073,0.4532785913707925,,0.004635305117498296,0.004001245804739606,-0.0034054993693736725,0.012676109604370264,CERTIFIED,0.0
E01_GT_RECOVERY,confirmation,neutral,analytical_single_step,1000,theta_1,K1,neutral_c-1.0,-1.0,L_T_neutral,L_C_neutral,0.43878636079789674,0.4315092085330275,,0.007277152264869196,0.0045181227543801515,-0.001802355340643309,0.0163566598703817,CERTIFIED,0.0
E01_GT_RECOVERY,confirmation,neutral,analytical_single_step,1001,theta_1,K1,neutral_c-1.0,-1.0,L_T_neutral,L_C_neutral,0.4310457628819232,0.43273533208962806,,-0.0016895692077048509,0.003725396327507561,-0.009176033415956256,0.005796895000546553,CERTIFIED,0.0
E01_GT_RECOVERY,confirmation,neutral,analytical_single_step,1002,theta_1,K1,neutral_c-1.0,-1.0,L_T_neutral,L_C_neutral,0.4478422540645618,0.450195742053003,,-0.0023534879884411723,0.004315623460129917,-0.011026058026692258,0.006319082049809913,CERTIFIED,0.0
E01_GT_RECOVERY,confirmation,neutral,analytical_single_step,1003,theta_1,K1,neutral_c-1.0,-1.0,L_T_neutral,L_C_neutral,0.4394970264676411,0.4410024685409602,,-0.0015054420733191097,0.0038451198917601646,-0.009232499791593397,0.006221615644955178,CERTIFIED,0.0
E01_GT_RECOVERY,confirmation,neutral,analytical_single_step,1004,theta_1,K1,neutral_c-1.0,-1.0,L_T_neutral,L_C_neutral,0.4254278486591344,0.42798021522843704,,-0.0025523665693026032,0.003736468802253963,-0.010061081748618115,0.004956348610012909,CERTIFIED,0.0
E01_GT_RECOVERY,confirmation,neutral,analytical_single_step,1005,theta_1,K1,neutral_c-1.0,-1.0,L_T_neutral,L_C_neutral,0.44539600116673156,0.44552376147793216,,-0.00012776031120063203,0.003979318186779157,-0.00812449960001005,0.007868978977608786,CERTIFIED,0.0
E01_GT_RECOVERY,confirmation,neutral,analytical_single_step,1006,theta_1,K1,neutral_c-1.0,-1.0,L_T_neutral,L_C_neutral,0.45030731388270095,0.4482567868284227,,0.002050527054278327,0.004419875964074053,-0.006831546234307614,0.010932600342864267,CERTIFIED,0.0
E01_GT_RECOVERY,confirmation,neutral,analytical_single_step,1007,theta_1,K1,neutral_c-1.0,-1.0,L_T_neutral,L_C_neutral,0.4591593230207168,0.46209074542123235,,-0.002931422400515543,0.0039074465061296835,-0.010783730139640919,0.004920885338609834,CERTIFIED,0.0
E01_GT_RECOVERY,confirmation,neutral,analytical_single_step,1008,theta_1,K1,neutral_c-1.0,-1.0,L_T_neutral,L_C_neutral,0.4694033813768753,0.4630416383051293,,0.006361743071746057,0.0037957926723216,-0.0012661878878280517,0.013989674031320166,CERTIFIED,0.0
E01_GT_RECOVERY,confirmation,neutral,analytical_single_step,1009,theta_1,K1,neutral_c-1.0,-1.0,L_T_neutral,L_C_neutral,0.4427306859497964,0.44514038224599944,,-0.00240969629620315,0.0036274465619367774,-0.009699323081080893,0.004879930488674593,CERTIFIED,0.0
E01_GT_RECOVERY,confirmation,neutral,analytical_single_step,1010,theta_1,K1,neutral_c-1.0,-1.0,L_T_neutral,L_C_neutral,0.44405455275125566,0.44075019219419803,,0.003304360557057637,0.004010541022428455,-0.004755123369105567,0.011363844483220841,CERTIFIED,0.0
E01_GT_RECOVERY,confirmation,neutral,analytical_single_step,1011,theta_1,K1,neutral_c-1.0,-1.0,L_T_neutral,L_C_neutral,0.45812702644452963,0.45217757790392044,,0.005949448540609164,0.0042112356467263815,-0.0025133463327681087,0.014412243413986437,CERTIFIED,0.0
E01_GT_RECOVERY,confirmation,neutral,analytical_single_step,1012,theta_1,K1,neutral_c-1.0,-1.0,L_T_neutral,L_C_neutral,0.4526151878454217,0.4528160505026096,,-0.0002008626571878147,0.003949508882172818,-0.008137697905624292,0.007735972591248663,CERTIFIED,0.0
E01_GT_RECOVERY,confirmation,neutral,analytical_single_step,1013,theta_1,K1,neutral_c-1.0,-1.0,L_T_neutral,L_C_neutral,0.44862538968035115,0.4431315145496506,,0.005493875130700614,0.003887595583301165,-0.0023185406854744073,0.013306290946875635,CERTIFIED,0.0
E01_GT_RECOVERY,confirmation,neutral,analytical_single_step,1014,theta_1,K1,neutral_c-1.0,-1.0,L_T_neutral,L_C_neutral,0.4286709445574302,0.42744552826172566,,0.0012254162957044934,0.003856003600400862,-0.006523513053942269,0.008974345645351257,CERTIFIED,0.0
E01_GT_RECOVERY,confirmation,neutral,analytical_single_step,1015,theta_1,K1,neutral_c-1.0,-1.0,L_T_neutral,L_C_neutral,0.4605614432475074,0.4583870090660511,,0.002174434181456304,0.0044108018077811525,-0.006689403907345582,0.01103827227025819,CERTIFIED,0.0
E01_GT_RECOVERY,confirmation,neutral,analytical_single_step,1016,theta_1,K1,neutral_c-1.0,-1.0,L_T_neutral,L_C_neutral,0.43741434328238554,0.4357077504364757,,0.0017065928459099311,0.0037887736585898502,-0.0059072328774797825,0.009320418569299644,CERTIFIED,0.0
E01_GT_RECOVERY,confirmation,neutral,analytical_single_step,1017,theta_1,K1,neutral_c-1.0,-1.0,L_T_neutral,L_C_neutral,0.4555916404247929,0.46307335621033086,,-0.00748171578553791,0.0036224269388613036,-0.014761255260183459,-0.00020217631089236143,CERTIFIED,0.0
E01_GT_RECOVERY,confirmation,neutral,analytical_single_step,1018,theta_1,K1,neutral_c-1.0,-1.0,L_T_neutral,L_C_neutral,0.424723889553838,0.4274697957003542,,-0.0027459061465161783,0.003897822568772904,-0.010578873859445689,0.0050870615664133315,CERTIFIED,0.0
E01_GT_RECOVERY,confirmation,neutral,analytical_single_step,1019,theta_1,K1,neutral_c-1.0,-1.0,L_T_neutral,L_C_neutral,0.42074892455898594,0.41480292462131424,,0.005945999937671804,0.0041868382026462175,-0.002467766436232726,0.014359766311576334,CERTIFIED,0.0
E01_GT_RECOVERY,confirmation,neutral,analytical_single_step,1020,theta_1,K1,neutral_c-1.0,-1.0,L_T_neutral,L_C_neutral,0.44228705471334906,0.44093370830171513,,0.0013533464116339267,0.004475170091392053,-0.007639844585968938,0.010346537409236791,CERTIFIED,0.0
E01_GT_RECOVERY,confirmation,neutral,analytical_single_step,1021,theta_1,K1,neutral_c-1.0,-1.0,L_T_neutral,L_C_neutral,0.4153657268755776,0.4204432010035367,,-0.005077474127959175,0.003942364342487346,-0.012999951886363041,0.0028450036304446917,CERTIFIED,0.0
E01_GT_RECOVERY,confirmation,neutral,analytical_single_step,1022,theta_1,K1,neutral_c-1.0,-1.0,L_T_neutral,L_C_neutral,0.45176869863874175,0.45429257313041677,,-0.002523874491675032,0.004090997684775475,-0.010745042134152876,0.005697293150802811,CERTIFIED,0.0
E01_GT_RECOVERY,confirmation,neutral,analytical_single_step,1023,theta_1,K1,neutral_c-1.0,-1.0,L_T_neutral,L_C_neutral,0.46240517950781035,0.46206371989843836,,0.00034145960937199016,0.003773203836641185,-0.0072410773853831744,0.007923996604127155,CERTIFIED,0.0
E01_GT_RECOVERY,confirmation,neutral,analytical_single_step,1024,theta_1,K1,neutral_c-1.0,-1.0,L_T_neutral,L_C_neutral,0.44686042786209085,0.44630903707164843,,0.0005513907904423876,0.004130256842495586,-0.0077486710832203425,0.008851452664105117,CERTIFIED,0.0
E01_GT_RECOVERY,confirmation,neutral,analytical_single_step,1025,theta_1,K1,neutral_c-1.0,-1.0,L_T_neutral,L_C_neutral,0.47204851620804555,0.46923761070514913,,0.002810905502896367,0.004132692745738242,-0.005494051501602848,0.011115862507395583,CERTIFIED,0.0
E01_GT_RECOVERY,confirmation,neutral,analytical_single_step,1026,theta_1,K1,neutral_c-1.0,-1.0,L_T_neutral,L_C_neutral,0.4492024481604892,0.4546109132045052,,-0.0054084650440161496,0.0042261278958554945,-0.013901187012468447,0.003084256924436148,CERTIFIED,0.0
E01_GT_RECOVERY,confirmation,neutral,analytical_single_step,1027,theta_1,K1,neutral_c-1.0,-1.0,L_T_neutral,L_C_neutral,0.427660686207687,0.4268109888587733,,0.0008496973489137871,0.004317167732000449,-0.007825976019847716,0.009525370717675289,CERTIFIED,0.0
E01_GT_RECOVERY,confirmation,neutral,analytical_single_step,1028,theta_1,K1,neutral_c-1.0,-1.0,L_T_neutral,L_C_neutral,0.4534861513319499,0.45342856795875675,,5.7583373193185184e-05,0.0033024132216022666,-0.006578864459706925,0.006694031206093296,CERTIFIED,0.0
E01_GT_RECOVERY,confirmation,neutral,analytical_single_step,1029,theta_1,K1,neutral_c-1.0,-1.0,L_T_neutral,L_C_neutral,0.4286504088179857,0.4291468496867526,,-0.0004964408687669053,0.004118999875626739,-0.008773881020564814,0.007780999283031004,CERTIFIED,0.0
E01_GT_RECOVERY,confirmation,neutral,analytical_single_step,1000,theta_1,K1,neutral_c0.0,0.0,L_T_neutral,L_C_neutral,0.4367616572124411,0.4398301440957021,0.44696792385041156,-0.0030684868832610273,0.0034155184436547885,-0.00993222816958789,0.0037952544030658347,CERTIFIED,0.0
E01_GT_RECOVERY,confirmation,neutral,analytical_single_step,1001,theta_1,K1,neutral_c0.0,0.0,L_T_neutral,L_C_neutral,0.4462222351429473,0.44279419974452183,0.44696792385041156,0.003428035398425523,0.003920807003397888,-0.00445112126516577,0.011307192062016816,CERTIFIED,0.0
E01_GT_RECOVERY,confirmation,neutral,analytical_single_step,1002,theta_1,K1,neutral_c0.0,0.0,L_T_neutral,L_C_neutral,0.45716626890708967,0.45752102996425165,0.44696792385041156,-0.00035476105716196525,0.003986429102639925,-0.008365790266398491,0.007656268152074561,CERTIFIED,0.0
E01_GT_RECOVERY,confirmation,neutral,analytical_single_step,1003,theta_1,K1,neutral_c0.0,0.0,L_T_neutral,L_C_neutral,0.4584557895566823,0.46001756933505505,0.44696792385041156,-0.0015617797783727299,0.004003378108209464,-0.00960686928949577,0.00648330973275031,CERTIFIED,0.0
E01_GT_RECOVERY,confirmation,neutral,analytical_single_step,1004,theta_1,K1,neutral_c0.0,0.0,L_T_neutral,L_C_neutral,0.4408053430352784,0.44225835486333454,0.44696792385041156,-0.0014530118280561511,0.004211043462310885,-0.00991542049239108,0.007009396836278779,CERTIFIED,0.0
E01_GT_RECOVERY,confirmation,neutral,analytical_single_step,1005,theta_1,K1,neutral_c0.0,0.0,L_T_neutral,L_C_neutral,0.4377275654688305,0.43561039645523847,0.44696792385041156,0.002117169013592032,0.0036338456207555955,-0.0051853171614289414,0.009419655188613006,CERTIFIED,0.0
E01_GT_RECOVERY,confirmation,neutral,analytical_single_step,1006,theta_1,K1,neutral_c0.0,0.0,L_T_neutral,L_C_neutral,0.4355879876114907,0.42974959427441173,0.44696792385041156,0.005838393337078977,0.00419062823735762,-0.0025829893967294487,0.014259776070887402,CERTIFIED,0.0
E01_GT_RECOVERY,confirmation,neutral,analytical_single_step,1007,theta_1,K1,neutral_c0.0,0.0,L_T_neutral,L_C_neutral,0.4165478678991919,0.41437452209146924,0.44696792385041156,0.0021733458077226454,0.0038896013514252994,-0.00564310075040606,0.009989792365851352,CERTIFIED,0.0
E01_GT_RECOVERY,confirmation,neutral,analytical_single_step,1008,theta_1,K1,neutral_c0.0,0.0,L_T_neutral,L_C_neutral,0.45189517337058527,0.4511045325186419,0.44696792385041156,0.0007906408519433339,0.004017003142700969,-0.007281829191098864,0.008863110894985532,CERTIFIED,0.0
E01_GT_RECOVERY,confirmation,neutral,analytical_single_step,1009,theta_1,K1,neutral_c0.0,0.0,L_T_neutral,L_C_neutral,0.4522655644732604,0.45409543820476594,0.44696792385041156,-0.001829873731505463,0.00405464146278063,-0.009977980810546893,0.0063182333475359665,CERTIFIED,0.0
E01_GT_RECOVERY,confirmation,neutral,analytical_single_step,1010,theta_1,K1,neutral_c0.0,0.0,L_T_neutral,L_C_neutral,0.4520831342108267,0.4485009703806558,0.44696792385041156,0.0035821638301709946,0.004493723679132361,-0.005448311997914697,0.012612639658256687,CERTIFIED,0.0
E01_GT_RECOVERY,confirmation,neutral,analytical_single_step,1011,theta_1,K1,neutral_c0.0,0.0,L_T_neutral,L_C_neutral,0.43243717351158395,0.4375282959811443,0.44696792385041156,-0.0050911224695603255,0.0037589806692193838,-0.012645076939271095,0.0024628320001504438,CERTIFIED,0.0
E01_GT_RECOVERY,confirmation,neutral,analytical_single_step,1012,theta_1,K1,neutral_c0.0,0.0,L_T_neutral,L_C_neutral,0.43070409102754803,0.4240770533238003,0.44696792385041156,0.006627037703747679,0.004367816187787208,-0.0021504175475617286,0.015404492955057086,CERTIFIED,0.0
E01_GT_RECOVERY,confirmation,neutral,analytical_single_step,1013,theta_1,K1,neutral_c0.0,0.0,L_T_neutral,L_C_neutral,0.4799370445488618,0.4788318513942739,0.44696792385041156,0.0011051931545879084,0.0037212688811305255,-0.006372976639631626,0.008583362948807443,CERTIFIED,0.0
E01_GT_RECOVERY,confirmation,neutral,analytical_single_step,1014,theta_1,K1,neutral_c0.0,0.0,L_T_neutral,L_C_neutral,0.4452223492085783,0.4429756190838148,0.44696792385041156,0.0022467301247634367,0.00440522083540621,-0.006605892580154664,0.011099352829681537,CERTIFIED,0.0
E01_GT_RECOVERY,confirmation,neutral,analytical_single_step,1015,theta_1,K1,neutral_c0.0,0.0,L_T_neutral,L_C_neutral,0.45918097951253833,0.4515563209381365,0.44696792385041156,0.007624658574401863,0.003989380207220995,-0.0003923011015229622,0.01564161825032669,CERTIFIED,0.0
E01_GT_RECOVERY,confirmation,neutral,analytical_single_step,1016,theta_1,K1,neutral_c0.0,0.0,L_T_neutral,L_C_neutral,0.44451452462215924,0.4406015902860789,0.44696792385041156,0.003912934336080326,0.004327104316388137,-0.00478270734660832,0.012608576018768972,CERTIFIED,0.0
E01_GT_RECOVERY,confirmation,neutral,analytical_single_step,1017,theta_1,K1,neutral_c0.0,0.0,L_T_neutral,L_C_neutral,0.47684347062850535,0.47917514598492617,0.44696792385041156,-0.002331675356420811,0.003380438204219411,-0.009124920262265773,0.004461569549424151,CERTIFIED,0.0
E01_GT_RECOVERY,confirmation,neutral,analytical_single_step,1018,theta_1,K1,neutral_c0.0,0.0,L_T_neutral,L_C_neutral,0.4312089735743364,0.435710180121497,0.44696792385041156,-0.0045012065471606195,0.004381761975683097,-0.013306686908487863,0.004304273814166624,CERTIFIED,0.0
E01_GT_RECOVERY,confirmation,neutral,analytical_single_step,1019,theta_1,K1,neutral_c0.0,0.0,L_T_neutral,L_C_neutral,0.4586987713281958,0.46133919869002943,0.44696792385041156,-0.002640427361833585,0.004176777448549047,-0.011033975893437594,0.005753121169770425,CERTIFIED,0.0
E01_GT_RECOVERY,confirmation,neutral,analytical_single_step,1020,theta_1,K1,neutral_c0.0,0.0,L_T_neutral,L_C_neutral,0.4303271177535397,0.43054429204020117,0.44696792385041156,-0.0002171742866613824,0.004155405969934743,-0.00856777522406125,0.008133426650738485,CERTIFIED,0.0
E01_GT_RECOVERY,confirmation,neutral,analytical_single_step,1021,theta_1,K1,neutral_c0.0,0.0,L_T_neutral,L_C_neutral,0.4451798298371055,0.4451221443356569,0.44696792385041156,5.768550144866547e-05,0.003944791472796326,-0.007869669757921412,0.007985040760818744,CERTIFIED,0.0
E01_GT_RECOVERY,confirmation,neutral,analytical_single_step,1022,theta_1,K1,neutral_c0.0,0.0,L_T_neutral,L_C_neutral,0.46837572554806145,0.470744767851941,0.44696792385041156,-0.0023690423038795795,0.0044728751189959046,-0.01135762138178525,0.00661953677402609,CERTIFIED,0.0
E01_GT_RECOVERY,confirmation,neutral,analytical_single_step,1023,theta_1,K1,neutral_c0.0,0.0,L_T_neutral,L_C_neutral,0.4712444068955486,0.46708821403411477,0.44696792385041156,0.0041561928614337685,0.003358935567155495,-0.002593840877434571,0.010906226600302108,CERTIFIED,0.0
E01_GT_RECOVERY,confirmation,neutral,analytical_single_step,1024,theta_1,K1,neutral_c0.0,0.0,L_T_neutral,L_C_neutral,0.4630435587026044,0.47082827701305674,0.44696792385041156,-0.007784718310452365,0.0036874311239306398,-0.015194888585723017,-0.0003745480351817123,CERTIFIED,0.0
E01_GT_RECOVERY,confirmation,neutral,analytical_single_step,1025,theta_1,K1,neutral_c0.0,0.0,L_T_neutral,L_C_neutral,0.4398958775853293,0.4346727130769194,0.44696792385041156,0.00522316450840988,0.004361346263199618,-0.003541288942662213,0.013987617959481974,CERTIFIED,0.0
E01_GT_RECOVERY,confirmation,neutral,analytical_single_step,1026,theta_1,K1,neutral_c0.0,0.0,L_T_neutral,L_C_neutral,0.44076814291743205,0.44621617610561354,0.44696792385041156,-0.005448033188181549,0.003562380907129816,-0.012606905644371624,0.0017108392680085256,CERTIFIED,0.0
E01_GT_RECOVERY,confirmation,neutral,analytical_single_step,1027,theta_1,K1,neutral_c0.0,0.0,L_T_neutral,L_C_neutral,0.46457347156217865,0.47019895972202475,0.44696792385041156,-0.005625488159846108,0.004043004919014632,-0.013750210728689618,0.0024992344089974014,CERTIFIED,0.0
E01_GT_RECOVERY,confirmation,neutral,analytical_single_step,1028,theta_1,K1,neutral_c0.0,0.0,L_T_neutral,L_C_neutral,0.4700760490777986,0.47029827140771224,0.44696792385041156,-0.00022222232991373324,0.003742841526101544,-0.007743743977266407,0.007299299317438941,CERTIFIED,0.0
E01_GT_RECOVERY,confirmation,neutral,analytical_single_step,1029,theta_1,K1,neutral_c0.0,0.0,L_T_neutral,L_C_neutral,0.4612821768851104,0.4531915799918121,0.44696792385041156,0.008090596893298376,0.0040874237294818445,-0.00012338861712278028,0.016304582403719535,CERTIFIED,0.0
E01_GT_RECOVERY,confirmation,neutral,analytical_single_step,1000,theta_1,K1,neutral_c1.0,1.0,L_T_neutral,L_C_neutral,0.471268015134566,0.4731790133807696,,-0.0019109982462036895,0.003994399571444908,-0.009938044712179022,0.0061160482197716425,CERTIFIED,0.0
E01_GT_RECOVERY,confirmation,neutral,analytical_single_step,1001,theta_1,K1,neutral_c1.0,1.0,L_T_neutral,L_C_neutral,0.44826748439470726,0.4427520904909816,,0.005515393903725744,0.0035084338186328157,-0.0015350678193055385,0.012565855626757026,CERTIFIED,0.0
E01_GT_RECOVERY,confirmation,neutral,analytical_single_step,1002,theta_1,K1,neutral_c1.0,1.0,L_T_neutral,L_C_neutral,0.45148849767498644,0.4556962108688907,,-0.004207713193904165,0.00390406091840599,-0.012053217339776878,0.0036377909519685475,CERTIFIED,0.0
E01_GT_RECOVERY,confirmation,neutral,analytical_single_step,1003,theta_1,K1,neutral_c1.0,1.0,L_T_neutral,L_C_neutral,0.4562151087409931,0.4497953640587267,,0.006419744682266331,0.00361003438969753,-0.0008348910324547914,0.013674380396987453,CERTIFIED,0.0
E01_GT_RECOVERY,confirmation,neutral,analytical_single_step,1004,theta_1,K1,neutral_c1.0,1.0,L_T_neutral,L_C_neutral,0.41524188294260966,0.41262970367110585,,0.0026121792715037857,0.00417791892814855,-0.005783663149237074,0.011008021692244645,CERTIFIED,0.0
E01_GT_RECOVERY,confirmation,neutral,analytical_single_step,1005,theta_1,K1,neutral_c1.0,1.0,L_T_neutral,L_C_neutral,0.44024145939891696,0.4372633763431948,,0.0029780830557223047,0.0040542154693742356,-0.005169167957518454,0.011125334068963063,CERTIFIED,0.0
E01_GT_RECOVERY,confirmation,neutral,analytical_single_step,1006,theta_1,K1,neutral_c1.0,1.0,L_T_neutral,L_C_neutral,0.4431914633209823,0.4472195107811394,,-0.0040280474601571544,0.003669019130918333,-0.011401217450204079,0.00334512252988977,CERTIFIED,0.0
E01_GT_RECOVERY,confirmation,neutral,analytical_single_step,1007,theta_1,K1,neutral_c1.0,1.0,L_T_neutral,L_C_neutral,0.4423501853629554,0.43957979348836207,,0.0027703918745934537,0.003561449511554505,-0.004386608872112504,0.009927392621299411,CERTIFIED,0.0
E01_GT_RECOVERY,confirmation,neutral,analytical_single_step,1008,theta_1,K1,neutral_c1.0,1.0,L_T_neutral,L_C_neutral,0.43548235521931394,0.43738414974147544,,-0.0019017945221614662,0.003823481689640128,-0.009585368645279332,0.005781779600956399,CERTIFIED,0.0
E01_GT_RECOVERY,confirmation,neutral,analytical_single_step,1009,theta_1,K1,neutral_c1.0,1.0,L_T_neutral,L_C_neutral,0.42552555056132824,0.4301746288813832,,-0.004649078320054877,0.0031182371953524827,-0.010915410571330556,0.0016172539312208026,CERTIFIED,0.0
E01_GT_RECOVERY,confirmation,neutral,analytical_single_step,1010,theta_1,K1,neutral_c1.0,1.0,L_T_neutral,L_C_neutral,0.4561223462559399,0.45434823832011356,,0.001774107935826369,0.003899697140250513,-0.006062626869524772,0.00961084274117751,CERTIFIED,0.0
E01_GT_RECOVERY,confirmation,neutral,analytical_single_step,1011,theta_1,K1,neutral_c1.0,1.0,L_T_neutral,L_C_neutral,0.45624627314329863,0.4572322841909158,,-0.0009860110476171996,0.0037755206122206263,-0.008573203777206795,0.006601181681972396,CERTIFIED,0.0
E01_GT_RECOVERY,confirmation,neutral,analytical_single_step,1012,theta_1,K1,neutral_c1.0,1.0,L_T_neutral,L_C_neutral,0.4608986723877964,0.4619470713625876,,-0.0010483989747913103,0.004578117795127121,-0.010248471128539485,0.008151673178956863,CERTIFIED,0.0
E01_GT_RECOVERY,confirmation,neutral,analytical_single_step,1013,theta_1,K1,neutral_c1.0,1.0,L_T_neutral,L_C_neutral,0.470985101426656,0.4727638268623518,,-0.0017787254356956966,0.0038280497268500004,-0.009471479373272806,0.005914028501881412,CERTIFIED,0.0
E01_GT_RECOVERY,confirmation,neutral,analytical_single_step,1014,theta_1,K1,neutral_c1.0,1.0,L_T_neutral,L_C_neutral,0.4091034753892583,0.40617836006252456,,0.0029251153267337675,0.00422637633883078,-0.005568105906569504,0.011418336560037039,CERTIFIED,0.0
E01_GT_RECOVERY,confirmation,neutral,analytical_single_step,1015,theta_1,K1,neutral_c1.0,1.0,L_T_neutral,L_C_neutral,0.4244940616735295,0.4264735032506095,,-0.0019794415770800155,0.0040102694378883865,-0.010038379733676711,0.00607949657951668,CERTIFIED,0.0
E01_GT_RECOVERY,confirmation,neutral,analytical_single_step,1016,theta_1,K1,neutral_c1.0,1.0,L_T_neutral,L_C_neutral,0.4547463078228489,0.45296758262599945,,0.0017787251968494643,0.0037111137955114053,-0.005679037188778959,0.009236487582477887,CERTIFIED,0.0
E01_GT_RECOVERY,confirmation,neutral,analytical_single_step,1017,theta_1,K1,neutral_c1.0,1.0,L_T_neutral,L_C_neutral,0.47284670147227914,0.4703329099092917,,0.0025137915629874063,0.003985070086684395,-0.005494506601438026,0.010522089727412838,CERTIFIED,0.0
E01_GT_RECOVERY,confirmation,neutral,analytical_single_step,1018,theta_1,K1,neutral_c1.0,1.0,L_T_neutral,L_C_neutral,0.4094641199677282,0.4116626068839442,,-0.00219848691621597,0.0040385442076208726,-0.010314245349902601,0.00591727151747066,CERTIFIED,0.0
E01_GT_RECOVERY,confirmation,neutral,analytical_single_step,1019,theta_1,K1,neutral_c1.0,1.0,L_T_neutral,L_C_neutral,0.4304523935143635,0.43299794936136005,,-0.002545555846996418,0.00419107626135811,-0.010967838918741868,0.005876727224749031,CERTIFIED,0.0
E01_GT_RECOVERY,confirmation,neutral,analytical_single_step,1020,theta_1,K1,neutral_c1.0,1.0,L_T_neutral,L_C_neutral,0.4316273927308383,0.4334990073366638,,-0.001871614605825475,0.004207765480537355,-0.010327435919160558,0.006584206707509607,CERTIFIED,0.0
E01_GT_RECOVERY,confirmation,neutral,analytical_single_step,1021,theta_1,K1,neutral_c1.0,1.0,L_T_neutral,L_C_neutral,0.4278722806313102,0.42935324503721356,,-0.0014809644059033578,0.0032398613371525235,-0.007991709520777494,0.005029780708970779,CERTIFIED,0.0
E01_GT_RECOVERY,confirmation,neutral,analytical_single_step,1022,theta_1,K1,neutral_c1.0,1.0,L_T_neutral,L_C_neutral,0.42998378575579344,0.4339045250328412,,-0.003920739277047821,0.003924275239981698,-0.011806865622994444,0.003965387068898803,CERTIFIED,0.0
E01_GT_RECOVERY,confirmation,neutral,analytical_single_step,1023,theta_1,K1,neutral_c1.0,1.0,L_T_neutral,L_C_neutral,0.45029408651983943,0.4504973230407141,,-0.00020323652087468337,0.003980978269219485,-0.008203311870247778,0.007796838828498412,CERTIFIED,0.0
E01_GT_RECOVERY,confirmation,neutral,analytical_single_step,1024,theta_1,K1,neutral_c1.0,1.0,L_T_neutral,L_C_neutral,0.45831200095438973,0.4628252260028798,,-0.004513225048489966,0.0028249211244835686,-0.01019011658709543,0.0011636664901154984,CERTIFIED,0.0
E01_GT_RECOVERY,confirmation,neutral,analytical_single_step,1025,theta_1,K1,neutral_c1.0,1.0,L_T_neutral,L_C_neutral,0.4429632227200779,0.43909632456096126,,0.003866898159116644,0.003878996466925012,-0.003928237085727668,0.011662033403960957,CERTIFIED,0.0
E01_GT_RECOVERY,confirmation,neutral,analytical_single_step,1026,theta_1,K1,neutral_c1.0,1.0,L_T_neutral,L_C_neutral,0.4498500061914184,0.457602081874713,,-0.007752075683294577,0.004598773504553995,-0.016993657039212334,0.0014895056726231806,CERTIFIED,0.0
E01_GT_RECOVERY,confirmation,neutral,analytical_single_step,1027,theta_1,K1,neutral_c1.0,1.0,L_T_neutral,L_C_neutral,0.44322185561749383,0.44680049194781035,,-0.003578636330316383,0.004329288570876417,-0.012278667436736264,0.005121394776103497,CERTIFIED,0.0
E01_GT_RECOVERY,confirmation,neutral,analytical_single_step,1028,theta_1,K1,neutral_c1.0,1.0,L_T_neutral,L_C_neutral,0.4347602604670097,0.4382609710858603,,-0.003500710618850475,0.00474837636822854,-0.013042930185012219,0.006041508947311269,CERTIFIED,0.0
E01_GT_RECOVERY,confirmation,neutral,analytical_single_step,1029,theta_1,K1,neutral_c1.0,1.0,L_T_neutral,L_C_neutral,0.4338206612668267,0.43698797465495454,,-0.0031673133881278646,0.004196398196843035,-0.01160029128963742,0.005265664513381691,CERTIFIED,0.0
E01_GT_RECOVERY,confirmation,neutral,analytical_single_step,1000,theta_1,K1,neutral_c2.0,2.0,L_T_neutral,L_C_neutral,0.45343081032304844,0.45427634094306507,,-0.0008455306200166479,0.004360455255441698,-0.009608193523962336,0.00791713228392904,CERTIFIED,0.0
E01_GT_RECOVERY,confirmation,neutral,analytical_single_step,1001,theta_1,K1,neutral_c2.0,2.0,L_T_neutral,L_C_neutral,0.4273998434490596,0.42955392877429266,,-0.0021540853252331234,0.003833688742563167,-0.009858171289149195,0.005550000638682948,CERTIFIED,0.0
E01_GT_RECOVERY,confirmation,neutral,analytical_single_step,1002,theta_1,K1,neutral_c2.0,2.0,L_T_neutral,L_C_neutral,0.4584672408031378,0.4585079327220465,,-4.069191890870405e-05,0.004208658613813269,-0.008498308050758518,0.008416924212941112,CERTIFIED,0.0
E01_GT_RECOVERY,confirmation,neutral,analytical_single_step,1003,theta_1,K1,neutral_c2.0,2.0,L_T_neutral,L_C_neutral,0.453569148297293,0.44886789830540524,,0.004701249991887793,0.003490065528743171,-0.002312299270632849,0.011714799254408433,CERTIFIED,0.0
E01_GT_RECOVERY,confirmation,neutral,analytical_single_step,1004,theta_1,K1,neutral_c2.0,2.0,L_T_neutral,L_C_neutral,0.4574324194241823,0.46226061627439613,,-0.004828196850213882,0.00462789761619828,-0.01412830529969538,0.004471911599267617,CERTIFIED,0.0
E01_GT_RECOVERY,confirmation,neutral,analytical_single_step,1005,theta_1,K1,neutral_c2.0,2.0,L_T_neutral,L_C_neutral,0.4565822191623816,0.45690478725629774,,-0.00032256809391615905,0.0038934993906127357,-0.008146848055069295,0.007501711867236977,CERTIFIED,0.0
E01_GT_RECOVERY,confirmation,neutral,analytical_single_step,1006,theta_1,K1,neutral_c2.0,2.0,L_T_neutral,L_C_neutral,0.47810448777759973,0.4791236191758958,,-0.0010191313982960838,0.003952558716243996,-0.008962095517759353,0.006923832721167185,CERTIFIED,0.0
E01_GT_RECOVERY,confirmation,neutral,analytical_single_step,1007,theta_1,K1,neutral_c2.0,2.0,L_T_neutral,L_C_neutral,0.4495118802544087,0.45384015270296346,,-0.004328272448554719,0.003774810721617875,-0.011914038599567954,0.003257493702458517,CERTIFIED,0.0
E01_GT_RECOVERY,confirmation,neutral,analytical_single_step,1008,theta_1,K1,neutral_c2.0,2.0,L_T_neutral,L_C_neutral,0.4184135981853666,0.41317897484238536,,0.005234623342981204,0.00431511081409741,-0.0034369164944975427,0.013906163180459952,CERTIFIED,0.0
E01_GT_RECOVERY,confirmation,neutral,analytical_single_step,1009,theta_1,K1,neutral_c2.0,2.0,L_T_neutral,L_C_neutral,0.45293397441260863,0.4582661561232232,,-0.005332181710614619,0.0038851255475466297,-0.013139633804102503,0.0024752703828732642,CERTIFIED,0.0
E01_GT_RECOVERY,confirmation,neutral,analytical_single_step,1010,theta_1,K1,neutral_c2.0,2.0,L_T_neutral,L_C_neutral,0.4559768350862322,0.45077760928155164,,0.005199225804680419,0.003209906909043211,-0.0012513236332228755,0.011649775242583713,CERTIFIED,0.0
E01_GT_RECOVERY,confirmation,neutral,analytical_single_step,1011,theta_1,K1,neutral_c2.0,2.0,L_T_neutral,L_C_neutral,0.40320242210093515,0.40502201834213947,,-0.0018195962412041488,0.004094930673972475,-0.010048667521380181,0.006409475038971884,CERTIFIED,0.0
E01_GT_RECOVERY,confirmation,neutral,analytical_single_step,1012,theta_1,K1,neutral_c2.0,2.0,L_T_neutral,L_C_neutral,0.4376617988267095,0.43742172511051036,,0.00024007371619928387,0.004433733474440111,-0.008669847282066547,0.009149994714465115,CERTIFIED,0.0
E01_GT_RECOVERY,confirmation,neutral,analytical_single_step,1013,theta_1,K1,neutral_c2.0,2.0,L_T_neutral,L_C_neutral,0.4481229451051303,0.45155440760038185,,-0.003431462495251504,0.004682099901705918,-0.012840494515484961,0.005977569524981952,CERTIFIED,0.0
E01_GT_RECOVERY,confirmation,neutral,analytical_single_step,1014,theta_1,K1,neutral_c2.0,2.0,L_T_neutral,L_C_neutral,0.46215024103945335,0.462029724265931,,0.00012051677352234725,0.0033722754509608976,-0.006656324465507511,0.006897358012552205,CERTIFIED,0.0
E01_GT_RECOVERY,confirmation,neutral,analytical_single_step,1015,theta_1,K1,neutral_c2.0,2.0,L_T_neutral,L_C_neutral,0.43554043755063904,0.4337235733985505,,0.0018168641520885265,0.004298126008929473,-0.00682054344151727,0.010454271745694323,CERTIFIED,0.0
E01_GT_RECOVERY,confirmation,neutral,analytical_single_step,1016,theta_1,K1,neutral_c2.0,2.0,L_T_neutral,L_C_neutral,0.46955544993254444,0.4720033673000868,,-0.0024479173675424136,0.003795198948929245,-0.010074655195289542,0.0051788204602047135,CERTIFIED,0.0
E01_GT_RECOVERY,confirmation,neutral,analytical_single_step,1017,theta_1,K1,neutral_c2.0,2.0,L_T_neutral,L_C_neutral,0.4330528016746251,0.43507358073204244,,-0.002020779057417325,0.0037255385639158355,-0.009507529100432616,0.005465970985597965,CERTIFIED,0.0
E01_GT_RECOVERY,confirmation,neutral,analytical_single_step,1018,theta_1,K1,neutral_c2.0,2.0,L_T_neutral,L_C_neutral,0.45464908502104245,0.4573264632699206,,-0.002677378248878215,0.004214011341799942,-0.011145751090341136,0.005790994592584707,CERTIFIED,0.0
E01_GT_RECOVERY,confirmation,neutral,analytical_single_step,1019,theta_1,K1,neutral_c2.0,2.0,L_T_neutral,L_C_neutral,0.44806016770887724,0.44767371273145246,,0.0003864549774248205,0.0036653476171668426,-0.006979336829504329,0.00775224678435397,CERTIFIED,0.0
E01_GT_RECOVERY,confirmation,neutral,analytical_single_step,1020,theta_1,K1,neutral_c2.0,2.0,L_T_neutral,L_C_neutral,0.45420184965536586,0.449427541461369,,0.004774308193996849,0.003632500194584117,-0.0025254742459065362,0.012074090633900234,CERTIFIED,0.0
E01_GT_RECOVERY,confirmation,neutral,analytical_single_step,1021,theta_1,K1,neutral_c2.0,2.0,L_T_neutral,L_C_neutral,0.43738028827649944,0.4363189570790395,,0.001061331197459931,0.004053633095891882,-0.007084749492451931,0.009207411887371793,CERTIFIED,0.0
E01_GT_RECOVERY,confirmation,neutral,analytical_single_step,1022,theta_1,K1,neutral_c2.0,2.0,L_T_neutral,L_C_neutral,0.45350485250021516,0.45153206421500797,,0.0019727882852070997,0.003683911585438669,-0.005430309212663966,0.009375885783078165,CERTIFIED,0.0
E01_GT_RECOVERY,confirmation,neutral,analytical_single_step,1023,theta_1,K1,neutral_c2.0,2.0,L_T_neutral,L_C_neutral,0.43134104495026476,0.4310171957570055,,0.0003238491932591947,0.004341913707289766,-0.008401553074662331,0.00904925146118072,CERTIFIED,0.0
E01_GT_RECOVERY,confirmation,neutral,analytical_single_step,1024,theta_1,K1,neutral_c2.0,2.0,L_T_neutral,L_C_neutral,0.43295072363753007,0.425526860728635,,0.007423862908895084,0.0037204441392015347,-5.264950436692853e-05,0.014900375322157097,CERTIFIED,0.0
E01_GT_RECOVERY,confirmation,neutral,analytical_single_step,1025,theta_1,K1,neutral_c2.0,2.0,L_T_neutral,L_C_neutral,0.4407279151752386,0.44720913669182655,,-0.006481221516587934,0.004108810561990035,-0.01473818547601818,0.0017757424428423143,CERTIFIED,0.0
E01_GT_RECOVERY,confirmation,neutral,analytical_single_step,1026,theta_1,K1,neutral_c2.0,2.0,L_T_neutral,L_C_neutral,0.44368539387431377,0.4408676090152542,,0.00281778485905958,0.004194746340998109,-0.005611873513848704,0.011247443231967864,CERTIFIED,0.0
E01_GT_RECOVERY,confirmation,neutral,analytical_single_step,1027,theta_1,K1,neutral_c2.0,2.0,L_T_neutral,L_C_neutral,0.4448148876241811,0.4418919949397468,,0.002922892684434416,0.0037775833416065084,-0.004668445255049947,0.010514230623918779,CERTIFIED,0.0
E01_GT_RECOVERY,confirmation,neutral,analytical_single_step,1028,theta_1,K1,neutral_c2.0,2.0,L_T_neutral,L_C_neutral,0.4406464765412508,0.4356721718825883,,0.004974304658662434,0.004115021077327391,-0.0032951397985995744,0.013243749115924443,CERTIFIED,0.0
E01_GT_RECOVERY,confirmation,neutral,analytical_single_step,1029,theta_1,K1,neutral_c2.0,2.0,L_T_neutral,L_C_neutral,0.4604094319361177,0.45786689128681873,,0.0025425406492990475,0.003573521194017148,-0.0046387190515543245,0.00972380035015242,CERTIFIED,0.0
E01_GT_RECOVERY,confirmation,harmful,analytical_single_step,1000,theta_1,K1,harmful_c-2.0,-2.0,L_T_harmful,L_C_harmful,-0.8970922581071389,0.8881959438715961,,-1.7852882019787353,0.0036931864409290487,-1.7927099379965277,-1.7778664659609429,CERTIFIED,-1.7878716954016463
E01_GT_RECOVERY,confirmation,harmful,analytical_single_step,1001,theta_1,K1,harmful_c-2.0,-2.0,L_T_harmful,L_C_harmful,-0.9041283286657656,0.8845323373523651,,-1.7886606660181303,0.003999767265372492,-1.796698499268903,-1.7806228327673577,CERTIFIED,-1.7878716954016463
E01_GT_RECOVERY,confirmation,harmful,analytical_single_step,1002,theta_1,K1,harmful_c-2.0,-2.0,L_T_harmful,L_C_harmful,-0.8967435271848407,0.8913567727277129,,-1.788100299912554,0.003974781416313285,-1.7960879222197785,-1.7801126776053293,CERTIFIED,-1.7878716954016463
E01_GT_RECOVERY,confirmation,harmful,analytical_single_step,1003,theta_1,K1,harmful_c-2.0,-2.0,L_T_harmful,L_C_harmful,-0.8995328169015377,0.8805224189342741,,-1.7800552358358117,0.0033495704937849566,-1.7867864497551407,-1.7733240219164828,CERTIFIED,-1.7878716954016463
E01_GT_RECOVERY,confirmation,harmful,analytical_single_step,1004,theta_1,K1,harmful_c-2.0,-2.0,L_T_harmful,L_C_harmful,-0.9015648123735243,0.8844633849990532,,-1.7860281973725773,0.0037101142633606823,-1.793483951123147,-1.7785724436220076,CERTIFIED,-1.7878716954016463
E01_GT_RECOVERY,confirmation,harmful,analytical_single_step,1005,theta_1,K1,harmful_c-2.0,-2.0,L_T_harmful,L_C_harmful,-0.8850683392469546,0.896365271605006,,-1.7814336108519604,0.0037378513178760353,-1.788945104300435,-1.7739221174034858,CERTIFIED,-1.7878716954016463
E01_GT_RECOVERY,confirmation,harmful,analytical_single_step,1006,theta_1,K1,harmful_c-2.0,-2.0,L_T_harmful,L_C_harmful,-0.886603373254377,0.9027169479305939,,-1.7893203211849704,0.003995455086429645,-1.7973494887877215,-1.7812911535822193,CERTIFIED,-1.7878716954016463
E01_GT_RECOVERY,confirmation,harmful,analytical_single_step,1007,theta_1,K1,harmful_c-2.0,-2.0,L_T_harmful,L_C_harmful,-0.868870126521376,0.9139092214359078,,-1.7827793479572838,0.0037214856343855654,-1.7902579533334773,-1.7753007425810903,CERTIFIED,-1.7878716954016463
E01_GT_RECOVERY,confirmation,harmful,analytical_single_step,1008,theta_1,K1,harmful_c-2.0,-2.0,L_T_harmful,L_C_harmful,-0.8875624500268258,0.8970713428822562,,-1.7846337929090816,0.004523241952545391,-1.793723587928461,-1.7755439978897023,CERTIFIED,-1.7878716954016463
E01_GT_RECOVERY,confirmation,harmful,analytical_single_step,1009,theta_1,K1,harmful_c-2.0,-2.0,L_T_harmful,L_C_harmful,-0.9087363189612959,0.8788002377019043,,-1.7875365566632002,0.004262835687487034,-1.796103045700725,-1.7789700676256754,CERTIFIED,-1.7878716954016463
E01_GT_RECOVERY,confirmation,harmful,analytical_single_step,1010,theta_1,K1,harmful_c-2.0,-2.0,L_T_harmful,L_C_harmful,-0.9120684022413218,0.8817320919939917,,-1.7938004942353138,0.0036379798627292344,-1.8011112884806293,-1.7864896999899984,CERTIFIED,-1.7878716954016463
E01_GT_RECOVERY,confirmation,harmful,analytical_single_step,1011,theta_1,K1,harmful_c-2.0,-2.0,L_T_harmful,L_C_harmful,-0.8735077862942372,0.9117250192073004,,-1.7852328055015376,0.0038888469341650566,-1.7930477360014216,-1.7774178750016536,CERTIFIED,-1.7878716954016463
E01_GT_RECOVERY,confirmation,harmful,analytical_single_step,1012,theta_1,K1,harmful_c-2.0,-2.0,L_T_harmful,L_C_harmful,-0.8979599107108167,0.8893397495478628,,-1.7872996602586795,0.004041660071491157,-1.795421680255242,-1.7791776402621169,CERTIFIED,-1.7878716954016463
E01_GT_RECOVERY,confirmation,harmful,analytical_single_step,1013,theta_1,K1,harmful_c-2.0,-2.0,L_T_harmful,L_C_harmful,-0.9056675035579157,0.8806141707844898,,-1.7862816743424055,0.004292753620552068,-1.7949082857173637,-1.7776550629674472,CERTIFIED,-1.7878716954016463
E01_GT_RECOVERY,confirmation,harmful,analytical_single_step,1014,theta_1,K1,harmful_c-2.0,-2.0,L_T_harmful,L_C_harmful,-0.9079971525582943,0.8808460472955129,,-1.788843199853807,0.003774325028560828,-1.79642798996808,-1.781258409739534,CERTIFIED,-1.7878716954016463
E01_GT_RECOVERY,confirmation,harmful,analytical_single_step,1015,theta_1,K1,harmful_c-2.0,-2.0,L_T_harmful,L_C_harmful,-0.8622532404176363,0.9255627760208575,,-1.7878160164384937,0.0032563981569181614,-1.7943599935368697,-1.7812720393401178,CERTIFIED,-1.7878716954016463
E01_GT_RECOVERY,confirmation,harmful,analytical_single_step,1016,theta_1,K1,harmful_c-2.0,-2.0,L_T_harmful,L_C_harmful,-0.8940046919227334,0.8904822611814869,,-1.7844869531042205,0.004177590094151515,-1.7928821347083037,-1.7760917715001372,CERTIFIED,-1.7878716954016463
E01_GT_RECOVERY,confirmation,harmful,analytical_single_step,1017,theta_1,K1,harmful_c-2.0,-2.0,L_T_harmful,L_C_harmful,-0.8961834214142738,0.900464226891921,,-1.796647648306195,0.0038245947234852285,-1.804333459154566,-1.788961837457824,CERTIFIED,-1.7878716954016463
E01_GT_RECOVERY,confirmation,harmful,analytical_single_step,1018,theta_1,K1,harmful_c-2.0,-2.0,L_T_harmful,L_C_harmful,-0.9030216527702586,0.8892741877217556,,-1.7922958404920144,0.0031605039347197637,-1.7986471109360767,-1.7859445700479522,CERTIFIED,-1.7878716954016463
E01_GT_RECOVERY,confirmation,harmful,analytical_single_step,1019,theta_1,K1,harmful_c-2.0,-2.0,L_T_harmful,L_C_harmful,-0.8748703699169489,0.9102783970499858,,-1.785148766966935,0.003836662885037068,-1.7928588296939183,-1.7774387042399518,CERTIFIED,-1.7878716954016463
E01_GT_RECOVERY,confirmation,harmful,analytical_single_step,1020,theta_1,K1,harmful_c-2.0,-2.0,L_T_harmful,L_C_harmful,-0.8903449168776097,0.8937274512760321,,-1.784072368153642,0.004442092913293646,-1.792999088073224,-1.7751456482340597,CERTIFIED,-1.7878716954016463
E01_GT_RECOVERY,confirmation,harmful,analytical_single_step,1021,theta_1,K1,harmful_c-2.0,-2.0,L_T_harmful,L_C_harmful,-0.9155328506546228,0.8730563151238822,,-1.788589165778505,0.004253563668276665,-1.7971370219958263,-1.7800413095611836,CERTIFIED,-1.7878716954016463
E01_GT_RECOVERY,confirmation,harmful,analytical_single_step,1022,theta_1,K1,harmful_c-2.0,-2.0,L_T_harmful,L_C_harmful,-0.8941065040036129,0.8942993702335046,,-1.7884058742371178,0.0035623679123496775,-1.7955647205793195,-1.7812470278949162,CERTIFIED,-1.7878716954016463
E01_GT_RECOVERY,confirmation,harmful,analytical_single_step,1023,theta_1,K1,harmful_c-2.0,-2.0,L_T_harmful,L_C_harmful,-0.9095197723146401,0.8771549187716269,,-1.7866746910862668,0.0043887656791862,-1.795494245916722,-1.7778551362558115,CERTIFIED,-1.7878716954016463
E01_GT_RECOVERY,confirmation,harmful,analytical_single_step,1024,theta_1,K1,harmful_c-2.0,-2.0,L_T_harmful,L_C_harmful,-0.9043331835573453,0.8864656207063782,,-1.7907988042637235,0.004337291073250235,-1.799514917000749,-1.782082691526698,CERTIFIED,-1.7878716954016463
E01_GT_RECOVERY,confirmation,harmful,analytical_single_step,1025,theta_1,K1,harmful_c-2.0,-2.0,L_T_harmful,L_C_harmful,-0.9155535500795945,0.8678554577427668,,-1.7834090078223612,0.0043675718384619325,-1.7921859720353173,-1.7746320436094052,CERTIFIED,-1.7878716954016463
E01_GT_RECOVERY,confirmation,harmful,analytical_single_step,1026,theta_1,K1,harmful_c-2.0,-2.0,L_T_harmful,L_C_harmful,-0.8967263829168397,0.8916970493416991,,-1.7884234322585386,0.004212330889901845,-1.79688842810548,-1.7799584364115972,CERTIFIED,-1.7878716954016463
E01_GT_RECOVERY,confirmation,harmful,analytical_single_step,1027,theta_1,K1,harmful_c-2.0,-2.0,L_T_harmful,L_C_harmful,-0.8797185585367895,0.9057416466029382,,-1.7854602051397277,0.0033809313586041817,-1.7922544410764123,-1.778665969203043,CERTIFIED,-1.7878716954016463
E01_GT_RECOVERY,confirmation,harmful,analytical_single_step,1028,theta_1,K1,harmful_c-2.0,-2.0,L_T_harmful,L_C_harmful,-0.8738939518024366,0.9043010751943105,,-1.7781950269967473,0.004158433131370004,-1.7865517112428062,-1.7698383427506883,CERTIFIED,-1.7878716954016463
E01_GT_RECOVERY,confirmation,harmful,analytical_single_step,1029,theta_1,K1,harmful_c-2.0,-2.0,L_T_harmful,L_C_harmful,-0.88335751045019,0.9003202823991019,,-1.7836777928492922,0.003802324020211879,-1.7913188490438516,-1.7760367366547327,CERTIFIED,-1.7878716954016463
E01_GT_RECOVERY,confirmation,harmful,analytical_single_step,1000,theta_1,K1,harmful_c-1.0,-1.0,L_T_harmful,L_C_harmful,-0.8708990598221716,0.9167462250174401,,-1.7876452848396116,0.003650949208078193,-1.7949821419601821,-1.780308427719041,CERTIFIED,-1.7878716954016463
E01_GT_RECOVERY,confirmation,harmful,analytical_single_step,1001,theta_1,K1,harmful_c-1.0,-1.0,L_T_harmful,L_C_harmful,-0.8987983958185852,0.8890654741366869,,-1.787863869955272,0.0040173716663796525,-1.7959370805743733,-1.7797906593361708,CERTIFIED,-1.7878716954016463
E01_GT_RECOVERY,confirmation,harmful,analytical_single_step,1002,theta_1,K1,harmful_c-1.0,-1.0,L_T_harmful,L_C_harmful,-0.9094895083189469,0.8859513679451473,,-1.795440876264094,0.0035547786098053197,-1.8025844713318355,-1.7882972811963527,CERTIFIED,-1.7878716954016463
E01_GT_RECOVERY,confirmation,harmful,analytical_single_step,1003,theta_1,K1,harmful_c-1.0,-1.0,L_T_harmful,L_C_harmful,-0.8930689369387582,0.8925895635661243,,-1.7856585005048826,0.004612364833047629,-1.794927394657981,-1.7763896063517843,CERTIFIED,-1.7878716954016463
E01_GT_RECOVERY,confirmation,harmful,analytical_single_step,1004,theta_1,K1,harmful_c-1.0,-1.0,L_T_harmful,L_C_harmful,-0.8952184049691368,0.8982539093385266,,-1.7934723143076632,0.0033227136755187904,-1.8001495574300563,-1.78679507118527,CERTIFIED,-1.7878716954016463
E01_GT_RECOVERY,confirmation,harmful,analytical_single_step,1005,theta_1,K1,harmful_c-1.0,-1.0,L_T_harmful,L_C_harmful,-0.871006076892863,0.9169523553394952,,-1.7879584322323583,0.004873419133234862,-1.797751934642659,-1.7781649298220576,CERTIFIED,-1.7878716954016463
E01_GT_RECOVERY,confirmation,harmful,analytical_single_step,1006,theta_1,K1,harmful_c-1.0,-1.0,L_T_harmful,L_C_harmful,-0.9072118876054338,0.8799598805930553,,-1.7871717681984893,0.0035973258956067014,-1.7944008652381844,-1.7799426711587942,CERTIFIED,-1.7878716954016463
E01_GT_RECOVERY,confirmation,harmful,analytical_single_step,1007,theta_1,K1,harmful_c-1.0,-1.0,L_T_harmful,L_C_harmful,-0.913653023848028,0.8812336920675182,,-1.7948867159155466,0.004194477797895855,-1.8033158346308864,-1.7864575972002068,CERTIFIED,-1.7878716954016463
E01_GT_RECOVERY,confirmation,harmful,analytical_single_step,1008,theta_1,K1,harmful_c-1.0,-1.0,L_T_harmful,L_C_harmful,-0.8759044739864547,0.9101481950408485,,-1.786052669027303,0.004534558105645865,-1.7951652047077327,-1.7769401333468735,CERTIFIED,-1.7878716954016463
E01_GT_RECOVERY,confirmation,harmful,analytical_single_step,1009,theta_1,K1,harmful_c-1.0,-1.0,L_T_harmful,L_C_harmful,-0.8973549199626777,0.8923073636512548,,-1.7896622836139329,0.005086820800456379,-1.799884632730244,-1.7794399344976217,CERTIFIED,-1.7878716954016463
E01_GT_RECOVERY,confirmation,harmful,analytical_single_step,1010,theta_1,K1,harmful_c-1.0,-1.0,L_T_harmful,L_C_harmful,-0.9082297846252229,0.8799917238671529,,-1.7882215084923758,0.0038052310390522923,-1.7958684065600108,-1.7805746104247409,CERTIFIED,-1.7878716954016463
E01_GT_RECOVERY,confirmation,harmful,analytical_single_step,1011,theta_1,K1,harmful_c-1.0,-1.0,L_T_harmful,L_C_harmful,-0.8780599762335362,0.9092138735929248,,-1.787273849826461,0.004168729680153332,-1.795651225761983,-1.7788964738909392,CERTIFIED,-1.7878716954016463
E01_GT_RECOVERY,confirmation,harmful,analytical_single_step,1012,theta_1,K1,harmful_c-1.0,-1.0,L_T_harmful,L_C_harmful,-0.8947447131623426,0.8971994831807101,,-1.7919441963430522,0.0042186296278094206,-1.8004218499777178,-1.7834665427083867,CERTIFIED,-1.7878716954016463
E01_GT_RECOVERY,confirmation,harmful,analytical_single_step,1013,theta_1,K1,harmful_c-1.0,-1.0,L_T_harmful,L_C_harmful,-0.8814261554362397,0.9081360408600293,,-1.7895621962962691,0.0050995938203807194,-1.7998102137571235,-1.7793141788354148,CERTIFIED,-1.7878716954016463
E01_GT_RECOVERY,confirmation,harmful,analytical_single_step,1014,theta_1,K1,harmful_c-1.0,-1.0,L_T_harmful,L_C_harmful,-0.9023143103741259,0.8945049155232744,,-1.7968192258974,0.0035941290306169974,-1.8040418985963753,-1.7895965531984248,CERTIFIED,-1.7878716954016463
E01_GT_RECOVERY,confirmation,harmful,analytical_single_step,1015,theta_1,K1,harmful_c-1.0,-1.0,L_T_harmful,L_C_harmful,-0.8864518997627958,0.9059465173080045,,-1.7923984170708003,0.004054906005227826,-1.8005470557677927,-1.7842497783738078,CERTIFIED,-1.7878716954016463
E01_GT_RECOVERY,confirmation,harmful,analytical_single_step,1016,theta_1,K1,harmful_c-1.0,-1.0,L_T_harmful,L_C_harmful,-0.9207255139205026,0.868879710262639,,-1.7896052241831415,0.004809858079762441,-1.799270995874338,-1.779939452491945,CERTIFIED,-1.7878716954016463
E01_GT_RECOVERY,confirmation,harmful,analytical_single_step,1017,theta_1,K1,harmful_c-1.0,-1.0,L_T_harmful,L_C_harmful,-0.8933937903968732,0.8955495940830918,,-1.7889433844799651,0.004431759690537251,-1.7978493390109764,-1.7800374299489539,CERTIFIED,-1.7878716954016463
E01_GT_RECOVERY,confirmation,harmful,analytical_single_step,1018,theta_1,K1,harmful_c-1.0,-1.0,L_T_harmful,L_C_harmful,-0.9122132701146959,0.8675137264499871,,-1.7797269965646831,0.003759843929574195,-1.7872826858210262,-1.77217130730834,CERTIFIED,-1.7878716954016463
E01_GT_RECOVERY,confirmation,harmful,analytical_single_step,1019,theta_1,K1,harmful_c-1.0,-1.0,L_T_harmful,L_C_harmful,-0.9050081368808908,0.8860248916374013,,-1.7910330285182925,0.004436144208756003,-1.7999477940685429,-1.782118262968042,CERTIFIED,-1.7878716954016463
E01_GT_RECOVERY,confirmation,harmful,analytical_single_step,1020,theta_1,K1,harmful_c-1.0,-1.0,L_T_harmful,L_C_harmful,-0.8913886201142396,0.8937843088653855,,-1.7851729289796248,0.004338841842965932,-1.7938921581050693,-1.7764536998541802,CERTIFIED,-1.7878716954016463
E01_GT_RECOVERY,confirmation,harmful,analytical_single_step,1021,theta_1,K1,harmful_c-1.0,-1.0,L_T_harmful,L_C_harmful,-0.8808643382926138,0.9103304815837303,,-1.7911948198763437,0.0038877507697681595,-1.7990075475513998,-1.7833820922012875,CERTIFIED,-1.7878716954016463
E01_GT_RECOVERY,confirmation,harmful,analytical_single_step,1022,theta_1,K1,harmful_c-1.0,-1.0,L_T_harmful,L_C_harmful,-0.8820741348877422,0.907636624171759,,-1.7897107590595014,0.004044513528330233,-1.797838513292268,-1.7815830048267347,CERTIFIED,-1.7878716954016463
E01_GT_RECOVERY,confirmation,harmful,analytical_single_step,1023,theta_1,K1,harmful_c-1.0,-1.0,L_T_harmful,L_C_harmful,-0.9069485497705352,0.8816255840309803,,-1.7885741338015153,0.0036644890350769135,-1.7959382002231374,-1.7812100673798932,CERTIFIED,-1.7878716954016463
E01_GT_RECOVERY,confirmation,harmful,analytical_single_step,1024,theta_1,K1,harmful_c-1.0,-1.0,L_T_harmful,L_C_harmful,-0.8932725005346575,0.8965722361119426,,-1.7898447366466,0.0043062842279545195,-1.7984985387951375,-1.7811909344980623,CERTIFIED,-1.7878716954016463
E01_GT_RECOVERY,confirmation,harmful,analytical_single_step,1025,theta_1,K1,harmful_c-1.0,-1.0,L_T_harmful,L_C_harmful,-0.8845205202297342,0.9032317875673956,,-1.7877523077971296,0.0037219104292800617,-1.795231766830624,-1.7802728487636352,CERTIFIED,-1.7878716954016463
E01_GT_RECOVERY,confirmation,harmful,analytical_single_step,1026,theta_1,K1,harmful_c-1.0,-1.0,L_T_harmful,L_C_harmful,-0.8904673787250568,0.9003206965388142,,-1.790788075263871,0.0037541369946970187,-1.7983322960052048,-1.783243854522537,CERTIFIED,-1.7878716954016463
E01_GT_RECOVERY,confirmation,harmful,analytical_single_step,1027,theta_1,K1,harmful_c-1.0,-1.0,L_T_harmful,L_C_harmful,-0.8914595904071956,0.9009300866910189,,-1.7923896770982146,0.003895664255460878,-1.8002183075181584,-1.7845610466782709,CERTIFIED,-1.7878716954016463
E01_GT_RECOVERY,confirmation,harmful,analytical_single_step,1028,theta_1,K1,harmful_c-1.0,-1.0,L_T_harmful,L_C_harmful,-0.9042008557037061,0.8852554605123578,,-1.789456316216064,0.00422462943776819,-1.79794602692025,-1.7809666055118778,CERTIFIED,-1.7878716954016463
E01_GT_RECOVERY,confirmation,harmful,analytical_single_step,1029,theta_1,K1,harmful_c-1.0,-1.0,L_T_harmful,L_C_harmful,-0.9021993263776937,0.8839286077478582,,-1.7861279341255518,0.005088623744282501,-1.7963539063931298,-1.7759019618579739,CERTIFIED,-1.7878716954016463
E01_GT_RECOVERY,confirmation,harmful,analytical_single_step,1000,theta_1,K1,harmful_c0.0,0.0,L_T_harmful,L_C_harmful,-0.8880933827466363,0.8999611738430461,-0.8939358477008231,-1.7880545565896822,0.004070885235273163,-1.796235306751682,-1.7798738064276822,CERTIFIED,-1.7878716954016463
E01_GT_RECOVERY,confirmation,harmful,analytical_single_step,1001,theta_1,K1,harmful_c0.0,0.0,L_T_harmful,L_C_harmful,-0.912362803089673,0.8721352750945498,-0.8939358477008231,-1.784498078184223,0.004399436834464778,-1.7933390775040776,-1.7756570788643684,CERTIFIED,-1.7878716954016463
E01_GT_RECOVERY,confirmation,harmful,analytical_single_step,1002,theta_1,K1,harmful_c0.0,0.0,L_T_harmful,L_C_harmful,-0.8913140191427114,0.8981572687889187,-0.8939358477008231,-1.7894712879316303,0.004768444944028972,-1.7990538368107651,-1.7798887390524956,CERTIFIED,-1.7878716954016463
E01_GT_RECOVERY,confirmation,harmful,analytical_single_step,1003,theta_1,K1,harmful_c0.0,0.0,L_T_harmful,L_C_harmful,-0.9014612700936189,0.8891533085462026,-0.8939358477008231,-1.7906145786398215,0.003672383537641278,-1.7979945096583065,-1.7832346476213365,CERTIFIED,-1.7878716954016463
E01_GT_RECOVERY,confirmation,harmful,analytical_single_step,1004,theta_1,K1,harmful_c0.0,0.0,L_T_harmful,L_C_harmful,-0.884011350158321,0.9015057676139564,-0.8939358477008231,-1.7855171177722777,0.004063219644402504,-1.793682463352686,-1.7773517721918695,CERTIFIED,-1.7878716954016463
E01_GT_RECOVERY,confirmation,harmful,analytical_single_step,1005,theta_1,K1,harmful_c0.0,0.0,L_T_harmful,L_C_harmful,-0.8842769320207259,0.8965054301815456,-0.8939358477008231,-1.7807823622022716,0.0034254567771608204,-1.7876660753175104,-1.7738986490870328,CERTIFIED,-1.7878716954016463
E01_GT_RECOVERY,confirmation,harmful,analytical_single_step,1006,theta_1,K1,harmful_c0.0,0.0,L_T_harmful,L_C_harmful,-0.8830434409671986,0.9076182393456134,-0.8939358477008231,-1.790661680312812,0.0037705047604344928,-1.798238793310859,-1.7830845673147648,CERTIFIED,-1.7878716954016463
E01_GT_RECOVERY,confirmation,harmful,analytical_single_step,1007,theta_1,K1,harmful_c0.0,0.0,L_T_harmful,L_C_harmful,-0.8803023627298819,0.9128890557568548,-0.8939358477008231,-1.7931914184867366,0.003886458489643052,-1.8010015492276539,-1.7853812877458193,CERTIFIED,-1.7878716954016463
E01_GT_RECOVERY,confirmation,harmful,analytical_single_step,1008,theta_1,K1,harmful_c0.0,0.0,L_T_harmful,L_C_harmful,-0.8867528976327619,0.8978585040683613,-0.8939358477008231,-1.784611401701123,0.004053612581091703,-1.7927574411650005,-1.7764653622372455,CERTIFIED,-1.7878716954016463
E01_GT_RECOVERY,confirmation,harmful,analytical_single_step,1009,theta_1,K1,harmful_c0.0,0.0,L_T_harmful,L_C_harmful,-0.889955696584233,0.8905349983662297,-0.8939358477008231,-1.7804906949504629,0.003770555884517337,-1.7880679106862007,-1.772913479214725,CERTIFIED,-1.7878716954016463
E01_GT_RECOVERY,confirmation,harmful,analytical_single_step,1010,theta_1,K1,harmful_c0.0,0.0,L_T_harmful,L_C_harmful,-0.9186836119695514,0.8769798422764862,-0.8939358477008231,-1.7956634542460375,0.004048898195961621,-1.8038000197982993,-1.7875268886937756,CERTIFIED,-1.7878716954016463
E01_GT_RECOVERY,confirmation,harmful,analytical_single_step,1011,theta_1,K1,harmful_c0.0,0.0,L_T_harmful,L_C_harmful,-0.895000440843278,0.8968202428290596,-0.8939358477008231,-1.7918206836723374,0.0042479995153574595,-1.8003573583057368,-1.783284009038938,CERTIFIED,-1.7878716954016463
E01_GT_RECOVERY,confirmation,harmful,analytical_single_step,1012,theta_1,K1,harmful_c0.0,0.0,L_T_harmful,L_C_harmful,-0.9281781911653039,0.858459365752772,-0.8939358477008231,-1.786637556918076,0.004202466382879972,-1.7950827292959797,-1.7781923845401721,CERTIFIED,-1.7878716954016463
E01_GT_RECOVERY,confirmation,harmful,analytical_single_step,1013,theta_1,K1,harmful_c0.0,0.0,L_T_harmful,L_C_harmful,-0.9014286541820614,0.8839411290387237,-0.8939358477008231,-1.7853697832207849,0.004396544064569869,-1.794204969301892,-1.7765345971396778,CERTIFIED,-1.7878716954016463
E01_GT_RECOVERY,confirmation,harmful,analytical_single_step,1014,theta_1,K1,harmful_c0.0,0.0,L_T_harmful,L_C_harmful,-0.8794446436309333,0.9091220859561163,-0.8939358477008231,-1.78856672958705,0.003949424128535205,-1.796503394516675,-1.780630064657425,CERTIFIED,-1.7878716954016463
E01_GT_RECOVERY,confirmation,harmful,analytical_single_step,1015,theta_1,K1,harmful_c0.0,0.0,L_T_harmful,L_C_harmful,-0.8816910855050538,0.9031848376894314,-0.8939358477008231,-1.7848759231944848,0.004587591149733297,-1.7940950327670622,-1.7756568136219075,CERTIFIED,-1.7878716954016463
E01_GT_RECOVERY,confirmation,harmful,analytical_single_step,1016,theta_1,K1,harmful_c0.0,0.0,L_T_harmful,L_C_harmful,-0.8857104794296319,0.9076846658559892,-0.8939358477008231,-1.7933951452856207,0.003828621242110192,-1.8010890477261123,-1.785701242845129,CERTIFIED,-1.7878716954016463
E01_GT_RECOVERY,confirmation,harmful,analytical_single_step,1017,theta_1,K1,harmful_c0.0,0.0,L_T_harmful,L_C_harmful,-0.8815658720266388,0.9076482248353139,-0.8939358477008231,-1.789214096861953,0.0036789817860734854,-1.7966072875570958,-1.7818209061668102,CERTIFIED,-1.7878716954016463
E01_GT_RECOVERY,confirmation,harmful,analytical_single_step,1018,theta_1,K1,harmful_c0.0,0.0,L_T_harmful,L_C_harmful,-0.8842481290263262,0.9076776971531144,-0.8939358477008231,-1.7919258261794406,0.003841985743761185,-1.7996465855915067,-1.7842050667673746,CERTIFIED,-1.7878716954016463
E01_GT_RECOVERY,confirmation,harmful,analytical_single_step,1019,theta_1,K1,harmful_c0.0,0.0,L_T_harmful,L_C_harmful,-0.9224919735085193,0.8693898734554062,-0.8939358477008231,-1.7918818469639257,0.003411482002305018,-1.79873747671767,-1.7850262172101814,CERTIFIED,-1.7878716954016463
E01_GT_RECOVERY,confirmation,harmful,analytical_single_step,1020,theta_1,K1,harmful_c0.0,0.0,L_T_harmful,L_C_harmful,-0.8987762585762457,0.8993721536090394,-0.8939358477008231,-1.7981484121852853,0.003628180029038979,-1.805439512927489,-1.7908573114430817,CERTIFIED,-1.7878716954016463
E01_GT_RECOVERY,confirmation,harmful,analytical_single_step,1021,theta_1,K1,harmful_c0.0,0.0,L_T_harmful,L_C_harmful,-0.8999245317390046,0.8838585394057651,-0.8939358477008231,-1.78378307114477,0.004352460586855601,-1.792529668160696,-1.775036474128844,CERTIFIED,-1.7878716954016463
E01_GT_RECOVERY,confirmation,harmful,analytical_single_step,1022,theta_1,K1,harmful_c0.0,0.0,L_T_harmful,L_C_harmful,-0.9133557555214802,0.8793431200948415,-0.8939358477008231,-1.7926988756163218,0.0045608045426849915,-1.801864155486688,-1.7835335957459555,CERTIFIED,-1.7878716954016463
E01_GT_RECOVERY,confirmation,harmful,analytical_single_step,1023,theta_1,K1,harmful_c0.0,0.0,L_T_harmful,L_C_harmful,-0.9118035762937043,0.8759292256793537,-0.8939358477008231,-1.7877328019730578,0.003624860011828828,-1.7950172308908892,-1.7804483730552265,CERTIFIED,-1.7878716954016463
E01_GT_RECOVERY,confirmation,harmful,analytical_single_step,1024,theta_1,K1,harmful_c0.0,0.0,L_T_harmful,L_C_harmful,-0.8854242984476066,0.9017512318204751,-0.8939358477008231,-1.7871755302680818,0.003724862901621839,-1.7946609225168824,-1.7796901380192813,CERTIFIED,-1.7878716954016463
E01_GT_RECOVERY,confirmation,harmful,analytical_single_step,1025,theta_1,K1,harmful_c0.0,0.0,L_T_harmful,L_C_harmful,-0.8818711067414472,0.9080696052641624,-0.8939358477008231,-1.7899407120056097,0.004992974730030167,-1.7999744703826903,-1.779906953628529,CERTIFIED,-1.7878716954016463
E01_GT_RECOVERY,confirmation,harmful,analytical_single_step,1026,theta_1,K1,harmful_c0.0,0.0,L_T_harmful,L_C_harmful,-0.8815160810957375,0.9103372463428103,-0.8939358477008231,-1.791853327438548,0.004134344975717884,-1.8001616047235003,-1.7835450501535957,CERTIFIED,-1.7878716954016463
E01_GT_RECOVERY,confirmation,harmful,analytical_single_step,1027,theta_1,K1,harmful_c0.0,0.0,L_T_harmful,L_C_harmful,-0.9034612557873862,0.8869014407505631,-0.8939358477008231,-1.7903626965379493,0.003216430878448551,-1.7968263563832174,-1.7838990366926812,CERTIFIED,-1.7878716954016463
E01_GT_RECOVERY,confirmation,harmful,analytical_single_step,1028,theta_1,K1,harmful_c0.0,0.0,L_T_harmful,L_C_harmful,-0.8891014670875,0.8997883273327956,-0.8939358477008231,-1.7888897944202957,0.0044272820320208,-1.797786750759632,-1.7799928380809595,CERTIFIED,-1.7878716954016463
E01_GT_RECOVERY,confirmation,harmful,analytical_single_step,1029,theta_1,K1,harmful_c0.0,0.0,L_T_harmful,L_C_harmful,-0.889074715078804,0.902512291721813,-0.8939358477008231,-1.7915870068006168,0.00418457666329012,-1.7999962284410336,-1.7831777851602,CERTIFIED,-1.7878716954016463
E01_GT_RECOVERY,confirmation,harmful,analytical_single_step,1000,theta_1,K1,harmful_c1.0,1.0,L_T_harmful,L_C_harmful,-0.8951040789445512,0.8913598594664943,,-1.7864639384110454,0.0041901397769688485,-1.7948843395469523,-1.7780435372751386,CERTIFIED,-1.7878716954016463
E01_GT_RECOVERY,confirmation,harmful,analytical_single_step,1001,theta_1,K1,harmful_c1.0,1.0,L_T_harmful,L_C_harmful,-0.8826661472546191,0.9026044394286226,,-1.7852705866832415,0.003758658111624514,-1.792823892949197,-1.7777172804172858,CERTIFIED,-1.7878716954016463
E01_GT_RECOVERY,confirmation,harmful,analytical_single_step,1002,theta_1,K1,harmful_c1.0,1.0,L_T_harmful,L_C_harmful,-0.8795661890471638,0.9076483034642564,,-1.7872144925114204,0.0036281180378208715,-1.7945054686776072,-1.7799235163452336,CERTIFIED,-1.7878716954016463
E01_GT_RECOVERY,confirmation,harmful,analytical_single_step,1003,theta_1,K1,harmful_c1.0,1.0,L_T_harmful,L_C_harmful,-0.8927395438544471,0.8911482470370495,,-1.7838877908914967,0.004379841711658761,-1.7926894123377919,-1.7750861694452016,CERTIFIED,-1.7878716954016463
E01_GT_RECOVERY,confirmation,harmful,analytical_single_step,1004,theta_1,K1,harmful_c1.0,1.0,L_T_harmful,L_C_harmful,-0.9036464349430178,0.8831849715779282,,-1.786831406520946,0.0033219602612129615,-1.793507135600607,-1.7801556774412852,CERTIFIED,-1.7878716954016463
E01_GT_RECOVERY,confirmation,harmful,analytical_single_step,1005,theta_1,K1,harmful_c1.0,1.0,L_T_harmful,L_C_harmful,-0.8759620822744956,0.9047505458465512,,-1.7807126281210464,0.0037241923546572674,-1.7881966728552716,-1.773228583386821,CERTIFIED,-1.7878716954016463
E01_GT_RECOVERY,confirmation,harmful,analytical_single_step,1006,theta_1,K1,harmful_c1.0,1.0,L_T_harmful,L_C_harmful,-0.8977628083759193,0.8894339346600973,,-1.7871967430360167,0.00387419059116521,-1.7949822205119415,-1.779411265560092,CERTIFIED,-1.7878716954016463
E01_GT_RECOVERY,confirmation,harmful,analytical_single_step,1007,theta_1,K1,harmful_c1.0,1.0,L_T_harmful,L_C_harmful,-0.9202084618774883,0.8681658063877926,,-1.7883742682652808,0.00462195367379501,-1.7976624319152978,-1.7790861046152637,CERTIFIED,-1.7878716954016463
E01_GT_RECOVERY,confirmation,harmful,analytical_single_step,1008,theta_1,K1,harmful_c1.0,1.0,L_T_harmful,L_C_harmful,-0.8944592227389623,0.893830672239193,,-1.7882898949781554,0.0034927454051347103,-1.795308829653911,-1.7812709603023997,CERTIFIED,-1.7878716954016463
E01_GT_RECOVERY,confirmation,harmful,analytical_single_step,1009,theta_1,K1,harmful_c1.0,1.0,L_T_harmful,L_C_harmful,-0.9160294123941369,0.8694348631250256,,-1.7854642755191625,0.004365069880728346,-1.794236211859813,-1.776692339178512,CERTIFIED,-1.7878716954016463
E01_GT_RECOVERY,confirmation,harmful,analytical_single_step,1010,theta_1,K1,harmful_c1.0,1.0,L_T_harmful,L_C_harmful,-0.8797267588084362,0.9084233328726519,,-1.788150091681088,0.003413991516115026,-1.795010764491642,-1.781289418870534,CERTIFIED,-1.7878716954016463
E01_GT_RECOVERY,confirmation,harmful,analytical_single_step,1011,theta_1,K1,harmful_c1.0,1.0,L_T_harmful,L_C_harmful,-0.893566383682894,0.8921841945386721,,-1.7857505782215661,0.004430441420073742,-1.794653883588898,-1.7768472728542342,CERTIFIED,-1.7878716954016463
E01_GT_RECOVERY,confirmation,harmful,analytical_single_step,1012,theta_1,K1,harmful_c1.0,1.0,L_T_harmful,L_C_harmful,-0.908108330935044,0.8743007891518942,,-1.7824091200869383,0.004222671484760006,-1.7908948961372437,-1.7739233440366329,CERTIFIED,-1.7878716954016463
E01_GT_RECOVERY,confirmation,harmful,analytical_single_step,1013,theta_1,K1,harmful_c1.0,1.0,L_T_harmful,L_C_harmful,-0.8900378991775587,0.897053596708773,,-1.7870914958863322,0.004301797154955313,-1.7957362809240833,-1.778446710848581,CERTIFIED,-1.7878716954016463
E01_GT_RECOVERY,confirmation,harmful,analytical_single_step,1014,theta_1,K1,harmful_c1.0,1.0,L_T_harmful,L_C_harmful,-0.9058316275349673,0.8770610621971227,,-1.7828926897320898,0.0036043391236956837,-1.7901358803812848,-1.7756494990828948,CERTIFIED,-1.7878716954016463
E01_GT_RECOVERY,confirmation,harmful,analytical_single_step,1015,theta_1,K1,harmful_c1.0,1.0,L_T_harmful,L_C_harmful,-0.9057539867970144,0.8786158440716791,,-1.7843698308686933,0.0037680150963508062,-1.791941940699449,-1.7767977210379375,CERTIFIED,-1.7878716954016463
E01_GT_RECOVERY,confirmation,harmful,analytical_single_step,1016,theta_1,K1,harmful_c1.0,1.0,L_T_harmful,L_C_harmful,-0.8747264342909705,0.9100875312570694,,-1.7848139655480404,0.0030854595048613806,-1.791014428564175,-1.7786135025319059,CERTIFIED,-1.7878716954016463
E01_GT_RECOVERY,confirmation,harmful,analytical_single_step,1017,theta_1,K1,harmful_c1.0,1.0,L_T_harmful,L_C_harmful,-0.9060258619041102,0.8843293411822427,,-1.7903552030863532,0.0043018456522264,-1.7990000855830195,-1.781710320589687,CERTIFIED,-1.7878716954016463
E01_GT_RECOVERY,confirmation,harmful,analytical_single_step,1018,theta_1,K1,harmful_c1.0,1.0,L_T_harmful,L_C_harmful,-0.8770786202011058,0.9041427721136255,,-1.781221392314731,0.003975151417129223,-1.7892097581664332,-1.773233026463029,CERTIFIED,-1.7878716954016463
E01_GT_RECOVERY,confirmation,harmful,analytical_single_step,1019,theta_1,K1,harmful_c1.0,1.0,L_T_harmful,L_C_harmful,-0.9287943183373635,0.8596049917732893,,-1.7883993101106523,0.003829739209717665,-1.7960954591911638,-1.780703161030141,CERTIFIED,-1.7878716954016463
E01_GT_RECOVERY,confirmation,harmful,analytical_single_step,1020,theta_1,K1,harmful_c1.0,1.0,L_T_harmful,L_C_harmful,-0.8947628115453782,0.8983590775689343,,-1.7931218891143126,0.003923697349255756,-1.8010068541453665,-1.7852369240832586,CERTIFIED,-1.7878716954016463
E01_GT_RECOVERY,confirmation,harmful,analytical_single_step,1021,theta_1,K1,harmful_c1.0,1.0,L_T_harmful,L_C_harmful,-0.8932559749691922,0.8928634051902737,,-1.7861193801594657,0.003793648189821564,-1.7937430016201112,-1.7784957586988202,CERTIFIED,-1.7878716954016463
E01_GT_RECOVERY,confirmation,harmful,analytical_single_step,1022,theta_1,K1,harmful_c1.0,1.0,L_T_harmful,L_C_harmful,-0.9046274563647656,0.8856667070402618,,-1.7902941634050273,0.003775857991440288,-1.7978820341235422,-1.7827062926865125,CERTIFIED,-1.7878716954016463
E01_GT_RECOVERY,confirmation,harmful,analytical_single_step,1023,theta_1,K1,harmful_c1.0,1.0,L_T_harmful,L_C_harmful,-0.9085517362657535,0.8818708289541228,,-1.7904225652198762,0.004163417669632878,-1.7987892662705967,-1.7820558641691557,CERTIFIED,-1.7878716954016463
E01_GT_RECOVERY,confirmation,harmful,analytical_single_step,1024,theta_1,K1,harmful_c1.0,1.0,L_T_harmful,L_C_harmful,-0.8912168829317438,0.8984305973531918,,-1.7896474802849351,0.003942327671571074,-1.7975698843503738,-1.7817250762194965,CERTIFIED,-1.7878716954016463
E01_GT_RECOVERY,confirmation,harmful,analytical_single_step,1025,theta_1,K1,harmful_c1.0,1.0,L_T_harmful,L_C_harmful,-0.9179509906833591,0.8676895921803919,,-1.785640582863751,0.0042650916709241595,-1.7942116054697264,-1.7770695602577755,CERTIFIED,-1.7878716954016463
E01_GT_RECOVERY,confirmation,harmful,analytical_single_step,1026,theta_1,K1,harmful_c1.0,1.0,L_T_harmful,L_C_harmful,-0.8834908109718342,0.9073011644519249,,-1.7907919754237591,0.003872929342981072,-1.7985749183265651,-1.783009032520953,CERTIFIED,-1.7878716954016463
E01_GT_RECOVERY,confirmation,harmful,analytical_single_step,1027,theta_1,K1,harmful_c1.0,1.0,L_T_harmful,L_C_harmful,-0.8917947081015213,0.9004157701839403,,-1.792210478285461,0.003989244122490668,-1.8002271644888816,-1.7841937920820405,CERTIFIED,-1.7878716954016463
E01_GT_RECOVERY,confirmation,harmful,analytical_single_step,1028,theta_1,K1,harmful_c1.0,1.0,L_T_harmful,L_C_harmful,-0.8959780404518789,0.8885954125907083,,-1.7845734530425872,0.004036846000386828,-1.7926857988010687,-1.7764611072841057,CERTIFIED,-1.7878716954016463
E01_GT_RECOVERY,confirmation,harmful,analytical_single_step,1029,theta_1,K1,harmful_c1.0,1.0,L_T_harmful,L_C_harmful,-0.8820002552091545,0.9087093014889337,,-1.790709556698088,0.004324884194555709,-1.7994007368789187,-1.7820183765172573,CERTIFIED,-1.7878716954016463
E01_GT_RECOVERY,confirmation,harmful,analytical_single_step,1000,theta_1,K1,harmful_c2.0,2.0,L_T_harmful,L_C_harmful,-0.8875956517852422,0.8953205828510659,,-1.7829162346363083,0.0039633608865899525,-1.7908809065298061,-1.7749515627428105,CERTIFIED,-1.7878716954016463
E01_GT_RECOVERY,confirmation,harmful,analytical_single_step,1001,theta_1,K1,harmful_c2.0,2.0,L_T_harmful,L_C_harmful,-0.9050625568193102,0.8817360653603379,,-1.7867986221796484,0.004113472572230518,-1.795064954799413,-1.7785322895598836,CERTIFIED,-1.7878716954016463
E01_GT_RECOVERY,confirmation,harmful,analytical_single_step,1002,theta_1,K1,harmful_c2.0,2.0,L_T_harmful,L_C_harmful,-0.9068036334033717,0.8828260891515342,,-1.7896297225549056,0.004254133099373635,-1.7981787230868587,-1.7810807220229525,CERTIFIED,-1.7878716954016463
E01_GT_RECOVERY,confirmation,harmful,analytical_single_step,1003,theta_1,K1,harmful_c2.0,2.0,L_T_harmful,L_C_harmful,-0.8915712803554839,0.8943464938345123,,-1.785917774189996,0.004158763308038191,-1.7942751219509112,-1.777560426429081,CERTIFIED,-1.7878716954016463
E01_GT_RECOVERY,confirmation,harmful,analytical_single_step,1004,theta_1,K1,harmful_c2.0,2.0,L_T_harmful,L_C_harmful,-0.8827873989691765,0.8976453430347316,,-1.780432742003908,0.0037840648565584593,-1.788037105035339,-1.7728283789724772,CERTIFIED,-1.7878716954016463
E01_GT_RECOVERY,confirmation,harmful,analytical_single_step,1005,theta_1,K1,harmful_c2.0,2.0,L_T_harmful,L_C_harmful,-0.9097877229359541,0.8803861907866835,,-1.790173913722638,0.004483714335817,-1.7991842750222573,-1.7811635524230187,CERTIFIED,-1.7878716954016463
E01_GT_RECOVERY,confirmation,harmful,analytical_single_step,1006,theta_1,K1,harmful_c2.0,2.0,L_T_harmful,L_C_harmful,-0.8839403756824256,0.8960915052961451,,-1.7800318809785707,0.004168081531003299,-1.7884079544096105,-1.7716558075475308,CERTIFIED,-1.7878716954016463
E01_GT_RECOVERY,confirmation,harmful,analytical_single_step,1007,theta_1,K1,harmful_c2.0,2.0,L_T_harmful,L_C_harmful,-0.8803965920961061,0.9042197191381051,,-1.7846163112342108,0.003976062582546693,-1.792606508141373,-1.7766261143270488,CERTIFIED,-1.7878716954016463
E01_GT_RECOVERY,confirmation,harmful,analytical_single_step,1008,theta_1,K1,harmful_c2.0,2.0,L_T_harmful,L_C_harmful,-0.9011090164839104,0.8895459253938783,,-1.7906549418777886,0.003891535987142501,-1.7984752762319476,-1.7828346075236297,CERTIFIED,-1.7878716954016463
E01_GT_RECOVERY,confirmation,harmful,analytical_single_step,1009,theta_1,K1,harmful_c2.0,2.0,L_T_harmful,L_C_harmful,-0.8970540184369549,0.8992689941267156,,-1.7963230125636702,0.003986424440521229,-1.8043340324040285,-1.788311992723312,CERTIFIED,-1.7878716954016463
E01_GT_RECOVERY,confirmation,harmful,analytical_single_step,1010,theta_1,K1,harmful_c2.0,2.0,L_T_harmful,L_C_harmful,-0.9041502786732063,0.8829863760372774,,-1.7871366547104837,0.004141898372752275,-1.7954601111150725,-1.7788131983058948,CERTIFIED,-1.7878716954016463
E01_GT_RECOVERY,confirmation,harmful,analytical_single_step,1011,theta_1,K1,harmful_c2.0,2.0,L_T_harmful,L_C_harmful,-0.8689113610900884,0.9209581225306154,,-1.7898694836207036,0.004200615721206362,-1.7983109369547357,-1.7814280302866716,CERTIFIED,-1.7878716954016463
E01_GT_RECOVERY,confirmation,harmful,analytical_single_step,1012,theta_1,K1,harmful_c2.0,2.0,L_T_harmful,L_C_harmful,-0.9092536679078306,0.8778576815980934,,-1.7871113495059239,0.002966511305355646,-1.7930727771658306,-1.7811499218460172,CERTIFIED,-1.7878716954016463
E01_GT_RECOVERY,confirmation,harmful,analytical_single_step,1013,theta_1,K1,harmful_c2.0,2.0,L_T_harmful,L_C_harmful,-0.8875935047504556,0.9008673043078257,,-1.7884608090582816,0.003913810690947657,-1.7963259061056218,-1.7805957120109415,CERTIFIED,-1.7878716954016463
E01_GT_RECOVERY,confirmation,harmful,analytical_single_step,1014,theta_1,K1,harmful_c2.0,2.0,L_T_harmful,L_C_harmful,-0.9042433191820471,0.8801023876193027,,-1.7843457068013495,0.003378671747249476,-1.7911354018790102,-1.7775560117236888,CERTIFIED,-1.7878716954016463
E01_GT_RECOVERY,confirmation,harmful,analytical_single_step,1015,theta_1,K1,harmful_c2.0,2.0,L_T_harmful,L_C_harmful,-0.911002640073323,0.8747377951031077,,-1.78574043517643,0.004149439149534078,-1.7940790453393085,-1.7774018250135517,CERTIFIED,-1.7878716954016463
E01_GT_RECOVERY,confirmation,harmful,analytical_single_step,1016,theta_1,K1,harmful_c2.0,2.0,L_T_harmful,L_C_harmful,-0.8952449237215767,0.8896162164662401,,-1.7848611401878172,0.0036024028858766214,-1.7921004398214377,-1.7776218405541966,CERTIFIED,-1.7878716954016463
E01_GT_RECOVERY,confirmation,harmful,analytical_single_step,1017,theta_1,K1,harmful_c2.0,2.0,L_T_harmful,L_C_harmful,-0.8721222236199552,0.9176701349835753,,-1.7897923586035307,0.0037313352284329376,-1.7972907574800174,-1.782293959727044,CERTIFIED,-1.7878716954016463
E01_GT_RECOVERY,confirmation,harmful,analytical_single_step,1018,theta_1,K1,harmful_c2.0,2.0,L_T_harmful,L_C_harmful,-0.8956534836467149,0.896804681352225,,-1.79245816499894,0.004655219483846679,-1.8018131787970797,-1.7831031512008002,CERTIFIED,-1.7878716954016463
E01_GT_RECOVERY,confirmation,harmful,analytical_single_step,1019,theta_1,K1,harmful_c2.0,2.0,L_T_harmful,L_C_harmful,-0.8873022511090496,0.8992351943277446,,-1.7865374454367944,0.003494916966628766,-1.7935607440287544,-1.7795141468448343,CERTIFIED,-1.7878716954016463
E01_GT_RECOVERY,confirmation,harmful,analytical_single_step,1020,theta_1,K1,harmful_c2.0,2.0,L_T_harmful,L_C_harmful,-0.8927314871045793,0.8993082893545139,,-1.7920397764590934,0.004055374994032098,-1.8001893576243735,-1.7838901952938133,CERTIFIED,-1.7878716954016463
E01_GT_RECOVERY,confirmation,harmful,analytical_single_step,1021,theta_1,K1,harmful_c2.0,2.0,L_T_harmful,L_C_harmful,-0.8840845497780014,0.9032693337475034,,-1.787353883525505,0.00394843065135881,-1.7952885519879977,-1.7794192150630121,CERTIFIED,-1.7878716954016463
E01_GT_RECOVERY,confirmation,harmful,analytical_single_step,1022,theta_1,K1,harmful_c2.0,2.0,L_T_harmful,L_C_harmful,-0.9105821178640735,0.8719742569266989,,-1.782556374790773,0.0037608945913598876,-1.790114175431023,-1.7749985741505228,CERTIFIED,-1.7878716954016463
E01_GT_RECOVERY,confirmation,harmful,analytical_single_step,1023,theta_1,K1,harmful_c2.0,2.0,L_T_harmful,L_C_harmful,-0.8892338286920699,0.9038438022800583,,-1.7930776309721284,0.004679835653535763,-1.8024821128153083,-1.7836731491289484,CERTIFIED,-1.7878716954016463
E01_GT_RECOVERY,confirmation,harmful,analytical_single_step,1024,theta_1,K1,harmful_c2.0,2.0,L_T_harmful,L_C_harmful,-0.9153276559912336,0.873869259153011,,-1.7891969151442446,0.004260418494354277,-1.7977585466503063,-1.780635283638183,CERTIFIED,-1.7878716954016463
E01_GT_RECOVERY,confirmation,harmful,analytical_single_step,1025,theta_1,K1,harmful_c2.0,2.0,L_T_harmful,L_C_harmful,-0.8796025665167729,0.9026572758131941,,-1.782259842329967,0.0034508196895573755,-1.7891945241258995,-1.7753251605340343,CERTIFIED,-1.7878716954016463
E01_GT_RECOVERY,confirmation,harmful,analytical_single_step,1026,theta_1,K1,harmful_c2.0,2.0,L_T_harmful,L_C_harmful,-0.8957032236138452,0.8935139657028189,,-1.7892171893166642,0.004633783895072655,-1.7985291266864105,-1.7799052519469178,CERTIFIED,-1.7878716954016463
E01_GT_RECOVERY,confirmation,harmful,analytical_single_step,1027,theta_1,K1,harmful_c2.0,2.0,L_T_harmful,L_C_harmful,-0.8935868447195868,0.890209889994994,,-1.783796734714581,0.0042430123369249055,-1.7923233872376991,-1.7752700821914627,CERTIFIED,-1.7878716954016463
E01_GT_RECOVERY,confirmation,harmful,analytical_single_step,1028,theta_1,K1,harmful_c2.0,2.0,L_T_harmful,L_C_harmful,-0.8716285046033617,0.9049945870838226,,-1.776623091687184,0.003888521102678841,-1.7844373674041818,-1.768808815970186,CERTIFIED,-1.7878716954016463
E01_GT_RECOVERY,confirmation,harmful,analytical_single_step,1029,theta_1,K1,harmful_c2.0,2.0,L_T_harmful,L_C_harmful,-0.9067301501569651,0.8794406113792762,,-1.7861707615362412,0.003970701206453133,-1.7941501843547687,-1.7781913387177137,CERTIFIED,-1.7878716954016463
E01_GT_RECOVERY,confirmation,unidentifiable,analytical_single_step,1000,theta_1,K1,unidentifiable_c3.0,3.0,L_T_unident,L_C_unident,2.2440257962934247,-2.227315537269892,,4.471341333563317,0.010043042112455125,4.4511590848286815,4.491523582297953,UNIDENTIFIABLE,4.469679238504115
E01_GT_RECOVERY,confirmation,unidentifiable,analytical_single_step,1001,theta_1,K1,unidentifiable_c3.0,3.0,L_T_unident,L_C_unident,2.2193831983612307,-2.255538278648098,,4.474921477009329,0.010031316735701271,4.454762791301464,4.495080162717194,UNIDENTIFIABLE,4.469679238504115
E01_GT_RECOVERY,confirmation,unidentifiable,analytical_single_step,1002,theta_1,K1,unidentifiable_c3.0,3.0,L_T_unident,L_C_unident,2.2424483591576525,-2.2373045891137893,,4.479752948271442,0.009263748168557434,4.461136749348908,4.498369147193976,UNIDENTIFIABLE,4.469679238504115
E01_GT_RECOVERY,confirmation,unidentifiable,analytical_single_step,1003,theta_1,K1,unidentifiable_c3.0,3.0,L_T_unident,L_C_unident,2.2657291763342804,-2.206210426334353,,4.471939602668633,0.013381897034114016,4.445047673763065,4.498831531574202,UNIDENTIFIABLE,4.469679238504115
E01_GT_RECOVERY,confirmation,unidentifiable,analytical_single_step,1004,theta_1,K1,unidentifiable_c3.0,3.0,L_T_unident,L_C_unident,2.2580395215264817,-2.1980871645003046,,4.456126686026787,0.009244715268036531,4.4375487351498295,4.474704636903744,UNIDENTIFIABLE,4.469679238504115
E01_GT_RECOVERY,confirmation,unidentifiable,analytical_single_step,1005,theta_1,K1,unidentifiable_c3.0,3.0,L_T_unident,L_C_unident,2.2269564886393978,-2.2392161738959038,,4.4661726625353015,0.008884154821621073,4.44831928500295,4.484026040067653,UNIDENTIFIABLE,4.469679238504115
E01_GT_RECOVERY,confirmation,unidentifiable,analytical_single_step,1006,theta_1,K1,unidentifiable_c3.0,3.0,L_T_unident,L_C_unident,2.2522629029792522,-2.2335023952354707,,4.485765298214723,0.00881139549154998,4.4680581360303515,4.503472460399094,UNIDENTIFIABLE,4.469679238504115
E01_GT_RECOVERY,confirmation,unidentifiable,analytical_single_step,1007,theta_1,K1,unidentifiable_c3.0,3.0,L_T_unident,L_C_unident,2.270661734467689,-2.2023220036496243,,4.472983738117313,0.009588813193816733,4.453714296569561,4.492253179665066,UNIDENTIFIABLE,4.469679238504115
E01_GT_RECOVERY,confirmation,unidentifiable,analytical_single_step,1008,theta_1,K1,unidentifiable_c3.0,3.0,L_T_unident,L_C_unident,2.2386397528436235,-2.23469447128966,,4.473334224133284,0.008475683647680424,4.456301700157164,4.490366748109404,UNIDENTIFIABLE,4.469679238504115
E01_GT_RECOVERY,confirmation,unidentifiable,analytical_single_step,1009,theta_1,K1,unidentifiable_c3.0,3.0,L_T_unident,L_C_unident,2.2529542663420212,-2.218077121095097,,4.471031387437119,0.009882147663163287,4.451172468203572,4.490890306670666,UNIDENTIFIABLE,4.469679238504115
E01_GT_RECOVERY,confirmation,unidentifiable,analytical_single_step,1010,theta_1,K1,unidentifiable_c3.0,3.0,L_T_unident,L_C_unident,2.2528095997491597,-2.2330633843325542,,4.485872984081714,0.008204041251524827,4.469386345938263,4.502359622225166,UNIDENTIFIABLE,4.469679238504115
E01_GT_RECOVERY,confirmation,unidentifiable,analytical_single_step,1011,theta_1,K1,unidentifiable_c3.0,3.0,L_T_unident,L_C_unident,2.228612209970914,-2.2402624426773317,,4.468874652648246,0.011681699124642944,4.445399399359769,4.492349905936723,UNIDENTIFIABLE,4.469679238504115
E01_GT_RECOVERY,confirmation,unidentifiable,analytical_single_step,1012,theta_1,K1,unidentifiable_c3.0,3.0,L_T_unident,L_C_unident,2.2375538472409575,-2.238694190108778,,4.476248037349735,0.010488567695831804,4.455170471435237,4.497325603264232,UNIDENTIFIABLE,4.469679238504115
E01_GT_RECOVERY,confirmation,unidentifiable,analytical_single_step,1013,theta_1,K1,unidentifiable_c3.0,3.0,L_T_unident,L_C_unident,2.2230995471599964,-2.2379135435699977,,4.461013090729994,0.008446021120441094,4.444040175834084,4.477986005625903,UNIDENTIFIABLE,4.469679238504115
E01_GT_RECOVERY,confirmation,unidentifiable,analytical_single_step,1014,theta_1,K1,unidentifiable_c3.0,3.0,L_T_unident,L_C_unident,2.255296867328495,-2.2119187133200735,,4.467215580648568,0.010262164102741165,4.446592989788343,4.487838171508793,UNIDENTIFIABLE,4.469679238504115
E01_GT_RECOVERY,confirmation,unidentifiable,analytical_single_step,1015,theta_1,K1,unidentifiable_c3.0,3.0,L_T_unident,L_C_unident,2.2484126331977587,-2.231739476681717,,4.480152109879475,0.010609107572437571,4.458832310013864,4.501471909745086,UNIDENTIFIABLE,4.469679238504115
E01_GT_RECOVERY,confirmation,unidentifiable,analytical_single_step,1016,theta_1,K1,unidentifiable_c3.0,3.0,L_T_unident,L_C_unident,2.2250091075962946,-2.2280457320266396,,4.453054839622935,0.009636854026799353,4.4336888564068495,4.47242082283902,UNIDENTIFIABLE,4.469679238504115
E01_GT_RECOVERY,confirmation,unidentifiable,analytical_single_step,1017,theta_1,K1,unidentifiable_c3.0,3.0,L_T_unident,L_C_unident,2.244072203870073,-2.2241832233342937,,4.468255427204366,0.010541846076171075,4.447070794376065,4.489440060032668,UNIDENTIFIABLE,4.469679238504115
E01_GT_RECOVERY,confirmation,unidentifiable,analytical_single_step,1018,theta_1,K1,unidentifiable_c3.0,3.0,L_T_unident,L_C_unident,2.2270688430814247,-2.247934363939134,,4.475003207020558,0.010004816178705958,4.454897776175801,4.495108637865315,UNIDENTIFIABLE,4.469679238504115
E01_GT_RECOVERY,confirmation,unidentifiable,analytical_single_step,1019,theta_1,K1,unidentifiable_c3.0,3.0,L_T_unident,L_C_unident,2.243703744038461,-2.223562938894561,,4.467266682933021,0.009150523286777132,4.448878017929139,4.485655347936903,UNIDENTIFIABLE,4.469679238504115
E01_GT_RECOVERY,confirmation,unidentifiable,analytical_single_step,1020,theta_1,K1,unidentifiable_c3.0,3.0,L_T_unident,L_C_unident,2.240612892980768,-2.234433526666001,,4.475046419646769,0.01011566415898196,4.454718231445763,4.495374607847775,UNIDENTIFIABLE,4.469679238504115
E01_GT_RECOVERY,confirmation,unidentifiable,analytical_single_step,1021,theta_1,K1,unidentifiable_c3.0,3.0,L_T_unident,L_C_unident,2.2306979096150807,-2.2296865553844283,,4.4603844649995095,0.010299230357244796,4.439687386712101,4.481081543286918,UNIDENTIFIABLE,4.469679238504115
E01_GT_RECOVERY,confirmation,unidentifiable,analytical_single_step,1022,theta_1,K1,unidentifiable_c3.0,3.0,L_T_unident,L_C_unident,2.2400645467371962,-2.2286472121604,,4.468711758897595,0.009073415090997891,4.4504780486145314,4.486945469180659,UNIDENTIFIABLE,4.469679238504115
E01_GT_RECOVERY,confirmation,unidentifiable,analytical_single_step,1023,theta_1,K1,unidentifiable_c3.0,3.0,L_T_unident,L_C_unident,2.216112918454559,-2.241838828248597,,4.457951746703156,0.013138106716078226,4.431549732783764,4.484353760622548,UNIDENTIFIABLE,4.469679238504115
E01_GT_RECOVERY,confirmation,unidentifiable,analytical_single_step,1024,theta_1,K1,unidentifiable_c3.0,3.0,L_T_unident,L_C_unident,2.244809349045014,-2.2321430319265727,,4.476952380971586,0.008108923874272714,4.460656888354081,4.49324787358909,UNIDENTIFIABLE,4.469679238504115
E01_GT_RECOVERY,confirmation,unidentifiable,analytical_single_step,1025,theta_1,K1,unidentifiable_c3.0,3.0,L_T_unident,L_C_unident,2.2396976184047968,-2.219554017307651,,4.459251635712449,0.010076902270130758,4.439001342443423,4.479501928981475,UNIDENTIFIABLE,4.469679238504115
E01_GT_RECOVERY,confirmation,unidentifiable,analytical_single_step,1026,theta_1,K1,unidentifiable_c3.0,3.0,L_T_unident,L_C_unident,2.2140920902763606,-2.234382641609057,,4.448474731885418,0.010336712902638035,4.427702329602963,4.4692471341678734,UNIDENTIFIABLE,4.469679238504115
E01_GT_RECOVERY,confirmation,unidentifiable,analytical_single_step,1027,theta_1,K1,unidentifiable_c3.0,3.0,L_T_unident,L_C_unident,2.247807539490657,-2.227522056064659,,4.4753295955553165,0.009780066990356712,4.455675815114031,4.494983375996602,UNIDENTIFIABLE,4.469679238504115
E01_GT_RECOVERY,confirmation,unidentifiable,analytical_single_step,1028,theta_1,K1,unidentifiable_c3.0,3.0,L_T_unident,L_C_unident,2.2340106284997505,-2.2459326808543523,,4.479943309354103,0.011880994874198775,4.456067556262454,4.503819062445752,UNIDENTIFIABLE,4.469679238504115
E01_GT_RECOVERY,confirmation,unidentifiable,analytical_single_step,1029,theta_1,K1,unidentifiable_c3.0,3.0,L_T_unident,L_C_unident,2.2145033144196926,-2.249630906841853,,4.464134221261546,0.010155712727044259,4.443725552449879,4.484542890073212,UNIDENTIFIABLE,4.469679238504115
E01_GT_RECOVERY,confirmation,hidden_vulnerability,analytical_single_step,1000,theta_1,K1,hidden_vulnerability_c-2.0,-2.0,L_T_hidden,L_C_hidden,-5.341346415544417,5.391147656399788,,-10.732494071944206,0.024539949446229715,-10.781808946671752,-10.68317919721666,CERTIFIED,-10.727230172409877
E01_GT_RECOVERY,confirmation,hidden_vulnerability,analytical_single_step,1001,theta_1,K1,hidden_vulnerability_c-2.0,-2.0,L_T_hidden,L_C_hidden,-5.383835254867011,5.350182994285456,,-10.734018249152466,0.024887125331942195,-10.784030799942869,-10.684005698362064,CERTIFIED,-10.727230172409877
E01_GT_RECOVERY,confirmation,hidden_vulnerability,analytical_single_step,1002,theta_1,K1,hidden_vulnerability_c-2.0,-2.0,L_T_hidden,L_C_hidden,-5.364373318872044,5.365432301283642,,-10.72980562015569,0.024802200210664635,-10.779647507525363,-10.679963732786016,CERTIFIED,-10.727230172409877
E01_GT_RECOVERY,confirmation,hidden_vulnerability,analytical_single_step,1003,theta_1,K1,hidden_vulnerability_c-2.0,-2.0,L_T_hidden,L_C_hidden,-5.346844429932685,5.3819558710221465,,-10.72880030095483,0.022194965534301787,-10.7734027540815,-10.68419784782816,CERTIFIED,-10.727230172409877
E01_GT_RECOVERY,confirmation,hidden_vulnerability,analytical_single_step,1004,theta_1,K1,hidden_vulnerability_c-2.0,-2.0,L_T_hidden,L_C_hidden,-5.38825763059231,5.364685601963672,,-10.752943232555982,0.024389711666905314,-10.801956193162516,-10.703930271949448,CERTIFIED,-10.727230172409877
E01_GT_RECOVERY,confirmation,hidden_vulnerability,analytical_single_step,1005,theta_1,K1,hidden_vulnerability_c-2.0,-2.0,L_T_hidden,L_C_hidden,-5.311845634147096,5.40723281476553,,-10.719078448912626,0.023382944005905622,-10.766068234158073,-10.672088663667179,CERTIFIED,-10.727230172409877
E01_GT_RECOVERY,confirmation,hidden_vulnerability,analytical_single_step,1006,theta_1,K1,hidden_vulnerability_c-2.0,-2.0,L_T_hidden,L_C_hidden,-5.364282916831512,5.385668699921248,,-10.749951616752758,0.023659693099379896,-10.79749755012335,-10.702405683382167,CERTIFIED,-10.727230172409877
E01_GT_RECOVERY,confirmation,hidden_vulnerability,analytical_single_step,1007,theta_1,K1,hidden_vulnerability_c-2.0,-2.0,L_T_hidden,L_C_hidden,-5.335094003441428,5.35225953590561,,-10.687353539347036,0.025173743750857472,-10.737942071414597,-10.636765007279475,CERTIFIED,-10.727230172409877
E01_GT_RECOVERY,confirmation,hidden_vulnerability,analytical_single_step,1008,theta_1,K1,hidden_vulnerability_c-2.0,-2.0,L_T_hidden,L_C_hidden,-5.362581586552923,5.371711226646372,,-10.734292813199295,0.022799884165293785,-10.780110895827283,-10.688474730571306,CERTIFIED,-10.727230172409877
E01_GT_RECOVERY,confirmation,hidden_vulnerability,analytical_single_step,1009,theta_1,K1,hidden_vulnerability_c-2.0,-2.0,L_T_hidden,L_C_hidden,-5.325377358239199,5.37823335298611,,-10.703610711225307,0.02457439719109101,-10.752994811287902,-10.654226611162713,CERTIFIED,-10.727230172409877
E01_GT_RECOVERY,confirmation,hidden_vulnerability,analytical_single_step,1010,theta_1,K1,hidden_vulnerability_c-2.0,-2.0,L_T_hidden,L_C_hidden,-5.353316133899873,5.3672477690197,,-10.72056390291957,0.020294413377101837,-10.761347053494259,-10.679780752344882,CERTIFIED,-10.727230172409877
E01_GT_RECOVERY,confirmation,hidden_vulnerability,analytical_single_step,1011,theta_1,K1,hidden_vulnerability_c-2.0,-2.0,L_T_hidden,L_C_hidden,-5.34132220384062,5.346727615199302,,-10.688049819039923,0.022472514160602173,-10.733210027013106,-10.64288961106674,CERTIFIED,-10.727230172409877
E01_GT_RECOVERY,confirmation,hidden_vulnerability,analytical_single_step,1012,theta_1,K1,hidden_vulnerability_c-2.0,-2.0,L_T_hidden,L_C_hidden,-5.349102179989395,5.370986884128801,,-10.720089064118195,0.023327558075060387,-10.76696754716853,-10.67321058106786,CERTIFIED,-10.727230172409877
E01_GT_RECOVERY,confirmation,hidden_vulnerability,analytical_single_step,1013,theta_1,K1,hidden_vulnerability_c-2.0,-2.0,L_T_hidden,L_C_hidden,-5.361180708874566,5.389406282582765,,-10.750586991457329,0.02538748929051158,-10.801605061268425,-10.699568921646232,CERTIFIED,-10.727230172409877
E01_GT_RECOVERY,confirmation,hidden_vulnerability,analytical_single_step,1014,theta_1,K1,hidden_vulnerability_c-2.0,-2.0,L_T_hidden,L_C_hidden,-5.350059218449302,5.365775594481664,,-10.715834812930966,0.02316476089045292,-10.76238614279044,-10.669283483071492,CERTIFIED,-10.727230172409877
E01_GT_RECOVERY,confirmation,hidden_vulnerability,analytical_single_step,1015,theta_1,K1,hidden_vulnerability_c-2.0,-2.0,L_T_hidden,L_C_hidden,-5.343646603399722,5.383171030584737,,-10.726817633984457,0.023158135298977294,-10.77335564921937,-10.680279618749543,CERTIFIED,-10.727230172409877
E01_GT_RECOVERY,confirmation,hidden_vulnerability,analytical_single_step,1016,theta_1,K1,hidden_vulnerability_c-2.0,-2.0,L_T_hidden,L_C_hidden,-5.375992187022211,5.353807449145775,,-10.72979963616799,0.023491324013672224,-10.777007219193244,-10.682592053142734,CERTIFIED,-10.727230172409877
E01_GT_RECOVERY,confirmation,hidden_vulnerability,analytical_single_step,1017,theta_1,K1,hidden_vulnerability_c-2.0,-2.0,L_T_hidden,L_C_hidden,-5.374902286825476,5.32694130619912,,-10.701843593024597,0.022870200799469147,-10.747802982219383,-10.65588420382981,CERTIFIED,-10.727230172409877
E01_GT_RECOVERY,confirmation,hidden_vulnerability,analytical_single_step,1018,theta_1,K1,hidden_vulnerability_c-2.0,-2.0,L_T_hidden,L_C_hidden,-5.350224995133248,5.391390450912545,,-10.741615446045794,0.027702732339815073,-10.797286170956705,-10.685944721134883,CERTIFIED,-10.727230172409877
E01_GT_RECOVERY,confirmation,hidden_vulnerability,analytical_single_step,1019,theta_1,K1,hidden_vulnerability_c-2.0,-2.0,L_T_hidden,L_C_hidden,-5.343982766753461,5.37594317207216,,-10.719925938825618,0.02528517806084858,-10.770738406523103,-10.669113471128133,CERTIFIED,-10.727230172409877
E01_GT_RECOVERY,confirmation,hidden_vulnerability,analytical_single_step,1020,theta_1,K1,hidden_vulnerability_c-2.0,-2.0,L_T_hidden,L_C_hidden,-5.360082165580781,5.354702688789766,,-10.714784854370551,0.020263807446707895,-10.75550650002541,-10.674063208715692,CERTIFIED,-10.727230172409877
E01_GT_RECOVERY,confirmation,hidden_vulnerability,analytical_single_step,1021,theta_1,K1,hidden_vulnerability_c-2.0,-2.0,L_T_hidden,L_C_hidden,-5.35589516937583,5.360787944422218,,-10.716683113798048,0.024834627342658178,-10.766590165929186,-10.66677606166691,CERTIFIED,-10.727230172409877
E01_GT_RECOVERY,confirmation,hidden_vulnerability,analytical_single_step,1022,theta_1,K1,hidden_vulnerability_c-2.0,-2.0,L_T_hidden,L_C_hidden,-5.364114869047395,5.366153973310223,,-10.730268842357619,0.02534103562418169,-10.781193560031184,-10.679344124684054,CERTIFIED,-10.727230172409877
E01_GT_RECOVERY,confirmation,hidden_vulnerability,analytical_single_step,1023,theta_1,K1,hidden_vulnerability_c-2.0,-2.0,L_T_hidden,L_C_hidden,-5.362763319527082,5.365443990158751,,-10.728207309685834,0.025254831192230227,-10.778958793067618,-10.67745582630405,CERTIFIED,-10.727230172409877
E01_GT_RECOVERY,confirmation,hidden_vulnerability,analytical_single_step,1024,theta_1,K1,hidden_vulnerability_c-2.0,-2.0,L_T_hidden,L_C_hidden,-5.315407274554105,5.355959119407086,,-10.671366393961192,0.029076934207221978,-10.72979868091566,-10.612934107006723,CERTIFIED,-10.727230172409877
E01_GT_RECOVERY,confirmation,hidden_vulnerability,analytical_single_step,1025,theta_1,K1,hidden_vulnerability_c-2.0,-2.0,L_T_hidden,L_C_hidden,-5.390912542040492,5.333196014727596,,-10.724108556768087,0.024229420572808996,-10.772799400361194,-10.67541771317498,CERTIFIED,-10.727230172409877
E01_GT_RECOVERY,confirmation,hidden_vulnerability,analytical_single_step,1026,theta_1,K1,hidden_vulnerability_c-2.0,-2.0,L_T_hidden,L_C_hidden,-5.385639067714066,5.361364554527386,,-10.74700362224145,0.025126147631812007,-10.797496506326793,-10.696510738156109,CERTIFIED,-10.727230172409877
E01_GT_RECOVERY,confirmation,hidden_vulnerability,analytical_single_step,1027,theta_1,K1,hidden_vulnerability_c-2.0,-2.0,L_T_hidden,L_C_hidden,-5.3308237552334266,5.337165249945338,,-10.667989005178764,0.02495387731978761,-10.71813569911097,-10.617842311246559,CERTIFIED,-10.727230172409877
E01_GT_RECOVERY,confirmation,hidden_vulnerability,analytical_single_step,1028,theta_1,K1,hidden_vulnerability_c-2.0,-2.0,L_T_hidden,L_C_hidden,-5.370177574546846,5.331004520057658,,-10.701182094604503,0.027087603425739473,-10.755616671682047,-10.64674751752696,CERTIFIED,-10.727230172409877
E01_GT_RECOVERY,confirmation,hidden_vulnerability,analytical_single_step,1029,theta_1,K1,hidden_vulnerability_c-2.0,-2.0,L_T_hidden,L_C_hidden,-5.3800381275997005,5.339218442979509,,-10.719256570579212,0.02628030140438495,-10.772068813505756,-10.666444327652668,CERTIFIED,-10.727230172409877
E01_GT_RECOVERY,confirmation,hidden_vulnerability,analytical_single_step,1000,theta_1,K1,hidden_vulnerability_c-1.0,-1.0,L_T_hidden,L_C_hidden,-2.674251640399716,2.688834360054289,,-5.363086000454006,0.01189892022125409,-5.386997775879214,-5.339174225028797,CERTIFIED,-5.3636150862049385
E01_GT_RECOVERY,confirmation,hidden_vulnerability,analytical_single_step,1001,theta_1,K1,hidden_vulnerability_c-1.0,-1.0,L_T_hidden,L_C_hidden,-2.6737027010661927,2.6938499224203576,,-5.36755262348655,0.013315797841744385,-5.394311721091939,-5.340793525881161,CERTIFIED,-5.3636150862049385
E01_GT_RECOVERY,confirmation,hidden_vulnerability,analytical_single_step,1002,theta_1,K1,hidden_vulnerability_c-1.0,-1.0,L_T_hidden,L_C_hidden,-2.6776916937638013,2.683481709152885,,-5.361173402916686,0.012620938434428972,-5.386536128263847,-5.335810677569524,CERTIFIED,-5.3636150862049385
E01_GT_RECOVERY,confirmation,hidden_vulnerability,analytical_single_step,1003,theta_1,K1,hidden_vulnerability_c-1.0,-1.0,L_T_hidden,L_C_hidden,-2.6695640377026137,2.692923140057809,,-5.362487177760423,0.014581725905433884,-5.391790253054589,-5.333184102466257,CERTIFIED,-5.3636150862049385
E01_GT_RECOVERY,confirmation,hidden_vulnerability,analytical_single_step,1004,theta_1,K1,hidden_vulnerability_c-1.0,-1.0,L_T_hidden,L_C_hidden,-2.676929179909337,2.6923215152472317,,-5.369250695156568,0.011146783225443565,-5.391650994700067,-5.346850395613069,CERTIFIED,-5.3636150862049385
E01_GT_RECOVERY,confirmation,hidden_vulnerability,analytical_single_step,1005,theta_1,K1,hidden_vulnerability_c-1.0,-1.0,L_T_hidden,L_C_hidden,-2.669379513390307,2.7041700611502053,,-5.373549574540513,0.01197627692538782,-5.397616804082774,-5.349482344998251,CERTIFIED,-5.3636150862049385
E01_GT_RECOVERY,confirmation,hidden_vulnerability,analytical_single_step,1006,theta_1,K1,hidden_vulnerability_c-1.0,-1.0,L_T_hidden,L_C_hidden,-2.6687200769866166,2.705214786551581,,-5.3739348635381985,0.015863688290404368,-5.405814138696132,-5.342055588380265,CERTIFIED,-5.3636150862049385
E01_GT_RECOVERY,confirmation,hidden_vulnerability,analytical_single_step,1007,theta_1,K1,hidden_vulnerability_c-1.0,-1.0,L_T_hidden,L_C_hidden,-2.65597847543785,2.68996396779571,,-5.345942443233561,0.014727313347704994,-5.375538087446552,-5.31634679902057,CERTIFIED,-5.3636150862049385
E01_GT_RECOVERY,confirmation,hidden_vulnerability,analytical_single_step,1008,theta_1,K1,hidden_vulnerability_c-1.0,-1.0,L_T_hidden,L_C_hidden,-2.6848395158701344,2.6837657454679658,,-5.368605261338099,0.014841715194623024,-5.398430804669738,-5.33877971800646,CERTIFIED,-5.3636150862049385
E01_GT_RECOVERY,confirmation,hidden_vulnerability,analytical_single_step,1009,theta_1,K1,hidden_vulnerability_c-1.0,-1.0,L_T_hidden,L_C_hidden,-2.670456910822612,2.6733388606103876,,-5.343795771432999,0.012251351055477868,-5.368415783135465,-5.319175759730534,CERTIFIED,-5.3636150862049385
E01_GT_RECOVERY,confirmation,hidden_vulnerability,analytical_single_step,1010,theta_1,K1,hidden_vulnerability_c-1.0,-1.0,L_T_hidden,L_C_hidden,-2.6801621384041097,2.6856180904752454,,-5.365780228879356,0.014149738879682119,-5.39421519374381,-5.337345264014902,CERTIFIED,-5.3636150862049385
E01_GT_RECOVERY,confirmation,hidden_vulnerability,analytical_single_step,1011,theta_1,K1,hidden_vulnerability_c-1.0,-1.0,L_T_hidden,L_C_hidden,-2.6742324362071654,2.7083685495072176,,-5.382600985714383,0.012270812089740714,-5.407260105829392,-5.357941865599374,CERTIFIED,-5.3636150862049385
E01_GT_RECOVERY,confirmation,hidden_vulnerability,analytical_single_step,1012,theta_1,K1,hidden_vulnerability_c-1.0,-1.0,L_T_hidden,L_C_hidden,-2.692805280501539,2.6717494429682516,,-5.364554723469789,0.011972865347459038,-5.3886150971895255,-5.3404943497500525,CERTIFIED,-5.3636150862049385
E01_GT_RECOVERY,confirmation,hidden_vulnerability,analytical_single_step,1013,theta_1,K1,hidden_vulnerability_c-1.0,-1.0,L_T_hidden,L_C_hidden,-2.673004900991616,2.6951157081194066,,-5.368120609111022,0.011918748594583094,-5.392072231144265,-5.344168987077779,CERTIFIED,-5.3636150862049385
E01_GT_RECOVERY,confirmation,hidden_vulnerability,analytical_single_step,1014,theta_1,K1,hidden_vulnerability_c-1.0,-1.0,L_T_hidden,L_C_hidden,-2.7009066234715586,2.6722469316659776,,-5.373153555137537,0.013402239225971712,-5.400086363208132,-5.346220747066942,CERTIFIED,-5.3636150862049385
E01_GT_RECOVERY,confirmation,hidden_vulnerability,analytical_single_step,1015,theta_1,K1,hidden_vulnerability_c-1.0,-1.0,L_T_hidden,L_C_hidden,-2.6847804370042554,2.678046281306044,,-5.362826718310299,0.014702558196547312,-5.392372615184533,-5.333280821436066,CERTIFIED,-5.3636150862049385
E01_GT_RECOVERY,confirmation,hidden_vulnerability,analytical_single_step,1016,theta_1,K1,hidden_vulnerability_c-1.0,-1.0,L_T_hidden,L_C_hidden,-2.675016930896725,2.6951155154036104,,-5.370132446300335,0.012782442930161442,-5.395819727082805,-5.3444451655178655,CERTIFIED,-5.3636150862049385
E01_GT_RECOVERY,confirmation,hidden_vulnerability,analytical_single_step,1017,theta_1,K1,hidden_vulnerability_c-1.0,-1.0,L_T_hidden,L_C_hidden,-2.6858835359747757,2.696771007046676,,-5.382654543021451,0.011548291077851406,-5.405861702802662,-5.359447383240241,CERTIFIED,-5.3636150862049385
E01_GT_RECOVERY,confirmation,hidden_vulnerability,analytical_single_step,1018,theta_1,K1,hidden_vulnerability_c-1.0,-1.0,L_T_hidden,L_C_hidden,-2.669835949205384,2.6939354830146836,,-5.363771432220066,0.013425379403197348,-5.390750742217796,-5.336792122222335,CERTIFIED,-5.3636150862049385
E01_GT_RECOVERY,confirmation,hidden_vulnerability,analytical_single_step,1019,theta_1,K1,hidden_vulnerability_c-1.0,-1.0,L_T_hidden,L_C_hidden,-2.7020433376105175,2.687701485417564,,-5.389744823028081,0.013983041862707435,-5.417844797695119,-5.361644848361042,CERTIFIED,-5.3636150862049385
E01_GT_RECOVERY,confirmation,hidden_vulnerability,analytical_single_step,1020,theta_1,K1,hidden_vulnerability_c-1.0,-1.0,L_T_hidden,L_C_hidden,-2.702206270911713,2.664104675478257,,-5.36631094638997,0.01318109243768851,-5.392799343351061,-5.33982254942888,CERTIFIED,-5.3636150862049385
E01_GT_RECOVERY,confirmation,hidden_vulnerability,analytical_single_step,1021,theta_1,K1,hidden_vulnerability_c-1.0,-1.0,L_T_hidden,L_C_hidden,-2.69588232057588,2.671604642626146,,-5.367486963202026,0.011413977885803554,-5.390424210518478,-5.344549715885575,CERTIFIED,-5.3636150862049385
E01_GT_RECOVERY,confirmation,hidden_vulnerability,analytical_single_step,1022,theta_1,K1,hidden_vulnerability_c-1.0,-1.0,L_T_hidden,L_C_hidden,-2.667282143788315,2.687152132606634,,-5.35443427639495,0.012329282327173199,-5.3792108968512125,-5.3296576559386875,CERTIFIED,-5.3636150862049385
E01_GT_RECOVERY,confirmation,hidden_vulnerability,analytical_single_step,1023,theta_1,K1,hidden_vulnerability_c-1.0,-1.0,L_T_hidden,L_C_hidden,-2.6498988578303937,2.710686541617711,,-5.360585399448106,0.013404475600753349,-5.387522701682083,-5.333648097214129,CERTIFIED,-5.3636150862049385
E01_GT_RECOVERY,confirmation,hidden_vulnerability,analytical_single_step,1024,theta_1,K1,hidden_vulnerability_c-1.0,-1.0,L_T_hidden,L_C_hidden,-2.6909509670941816,2.6790986123446903,,-5.370049579438873,0.014165005630949506,-5.398515223988625,-5.341583934889121,CERTIFIED,-5.3636150862049385
E01_GT_RECOVERY,confirmation,hidden_vulnerability,analytical_single_step,1025,theta_1,K1,hidden_vulnerability_c-1.0,-1.0,L_T_hidden,L_C_hidden,-2.6820052023260414,2.6713223976826237,,-5.353327600008665,0.009742073713632142,-5.372905030101868,-5.333750169915462,CERTIFIED,-5.3636150862049385
E01_GT_RECOVERY,confirmation,hidden_vulnerability,analytical_single_step,1026,theta_1,K1,hidden_vulnerability_c-1.0,-1.0,L_T_hidden,L_C_hidden,-2.6727398396203705,2.6698861279064716,,-5.342625967526842,0.01287678729437767,-5.3685028404074036,-5.31674909464628,CERTIFIED,-5.3636150862049385
E01_GT_RECOVERY,confirmation,hidden_vulnerability,analytical_single_step,1027,theta_1,K1,hidden_vulnerability_c-1.0,-1.0,L_T_hidden,L_C_hidden,-2.656605692799945,2.6585255450880125,,-5.315131237887957,0.010462551421202778,-5.336156522141198,-5.294105953634717,CERTIFIED,-5.3636150862049385
E01_GT_RECOVERY,confirmation,hidden_vulnerability,analytical_single_step,1028,theta_1,K1,hidden_vulnerability_c-1.0,-1.0,L_T_hidden,L_C_hidden,-2.679933569190934,2.6768799768938636,,-5.3568135460847985,0.012561588104294927,-5.382057002478207,-5.3315700896913905,CERTIFIED,-5.3636150862049385
E01_GT_RECOVERY,confirmation,hidden_vulnerability,analytical_single_step,1029,theta_1,K1,hidden_vulnerability_c-1.0,-1.0,L_T_hidden,L_C_hidden,-2.6702023502728243,2.6709438721675696,,-5.341146222440392,0.011865848323171021,-5.364991537398168,-5.317300907482616,CERTIFIED,-5.3636150862049385
E01_GT_RECOVERY,confirmation,hidden_vulnerability,analytical_single_step,1000,theta_1,K1,hidden_vulnerability_c0.0,0.0,L_T_hidden,L_C_hidden,-0.011854882021571944,-0.018697491240662455,0.0,0.006842609219090514,0.004641982121527707,-0.0024858031035282172,0.016171021541709248,CERTIFIED,0.0
E01_GT_RECOVERY,confirmation,hidden_vulnerability,analytical_single_step,1001,theta_1,K1,hidden_vulnerability_c0.0,0.0,L_T_hidden,L_C_hidden,0.019867165036746185,0.028409432428499203,0.0,-0.008542267391753025,0.0037777895724376825,-0.016134019767608847,-0.0009505150158972018,CERTIFIED,0.0
E01_GT_RECOVERY,confirmation,hidden_vulnerability,analytical_single_step,1002,theta_1,K1,hidden_vulnerability_c0.0,0.0,L_T_hidden,L_C_hidden,-0.014902181781045576,-0.013654894337207839,0.0,-0.0012472874438377419,0.004005273100923028,-0.009296185085392499,0.006801610197717014,CERTIFIED,0.0
E01_GT_RECOVERY,confirmation,hidden_vulnerability,analytical_single_step,1003,theta_1,K1,hidden_vulnerability_c0.0,0.0,L_T_hidden,L_C_hidden,0.033479430916178915,0.02875506737711758,0.0,0.004724363539061334,0.00391698451669881,-0.003147111549915234,0.012595838628037903,CERTIFIED,0.0
E01_GT_RECOVERY,confirmation,hidden_vulnerability,analytical_single_step,1004,theta_1,K1,hidden_vulnerability_c0.0,0.0,L_T_hidden,L_C_hidden,-0.03856981355555319,-0.03853487615714493,0.0,-3.493739840824711e-05,0.0042312411684223205,-0.008537934872791532,0.008468060075975037,CERTIFIED,0.0
E01_GT_RECOVERY,confirmation,hidden_vulnerability,analytical_single_step,1005,theta_1,K1,hidden_vulnerability_c0.0,0.0,L_T_hidden,L_C_hidden,0.0018911211442880157,0.005517497613656563,0.0,-0.003626376469368547,0.004868916093258123,-0.013410829682040108,0.006158076743303015,CERTIFIED,0.0
E01_GT_RECOVERY,confirmation,hidden_vulnerability,analytical_single_step,1006,theta_1,K1,hidden_vulnerability_c0.0,0.0,L_T_hidden,L_C_hidden,0.00598098206154121,0.0076009540025731084,0.0,-0.0016199719410319013,0.003546841312743261,-0.008747616413147722,0.00550767253108392,CERTIFIED,0.0
E01_GT_RECOVERY,confirmation,hidden_vulnerability,analytical_single_step,1007,theta_1,K1,hidden_vulnerability_c0.0,0.0,L_T_hidden,L_C_hidden,-0.026011011315226065,-0.027574531837399562,0.0,0.0015635205221734949,0.004458042932117438,-0.007395252160268733,0.010522293204615722,CERTIFIED,0.0
E01_GT_RECOVERY,confirmation,hidden_vulnerability,analytical_single_step,1008,theta_1,K1,hidden_vulnerability_c0.0,0.0,L_T_hidden,L_C_hidden,0.002176139491339599,-0.004152615332805144,0.0,0.006328754824144747,0.003796302856217732,-0.0013002013883534093,0.013957711036642903,CERTIFIED,0.0
E01_GT_RECOVERY,confirmation,hidden_vulnerability,analytical_single_step,1009,theta_1,K1,hidden_vulnerability_c0.0,0.0,L_T_hidden,L_C_hidden,-0.01040242535013713,-0.0033709819578315986,0.0,-0.0070314433923055345,0.003756094722236612,-0.014579598334424057,0.000516711549812989,CERTIFIED,0.0
E01_GT_RECOVERY,confirmation,hidden_vulnerability,analytical_single_step,1010,theta_1,K1,hidden_vulnerability_c0.0,0.0,L_T_hidden,L_C_hidden,-0.00476712950906661,-0.007740028940464576,0.0,0.0029728994313979623,0.0034000872257333834,-0.003859831661515299,0.009805630524311224,CERTIFIED,0.0
E01_GT_RECOVERY,confirmation,hidden_vulnerability,analytical_single_step,1011,theta_1,K1,hidden_vulnerability_c0.0,0.0,L_T_hidden,L_C_hidden,0.0345203172170515,0.031246561431565636,0.0,0.0032737557854858623,0.003876513019948229,-0.004516388785811183,0.011063900356782909,CERTIFIED,0.0
E01_GT_RECOVERY,confirmation,hidden_vulnerability,analytical_single_step,1012,theta_1,K1,hidden_vulnerability_c0.0,0.0,L_T_hidden,L_C_hidden,-0.0036680973062930243,-0.002917183523747906,0.0,-0.0007509137825451179,0.004204192551136908,-0.00919955502543305,0.007697727460342814,CERTIFIED,0.0
E01_GT_RECOVERY,confirmation,hidden_vulnerability,analytical_single_step,1013,theta_1,K1,hidden_vulnerability_c0.0,0.0,L_T_hidden,L_C_hidden,-0.01653503794895901,-0.01837987822064822,0.0,0.0018448402716892082,0.004910578794744393,-0.00802333727420107,0.011713017817579486,CERTIFIED,0.0
E01_GT_RECOVERY,confirmation,hidden_vulnerability,analytical_single_step,1014,theta_1,K1,hidden_vulnerability_c0.0,0.0,L_T_hidden,L_C_hidden,-0.0006097290881540381,-0.008125156171142966,0.0,0.00751542708298893,0.003653944871268448,0.00017254995185247025,0.01485830421412539,CERTIFIED,0.0
E01_GT_RECOVERY,confirmation,hidden_vulnerability,analytical_single_step,1015,theta_1,K1,hidden_vulnerability_c0.0,0.0,L_T_hidden,L_C_hidden,-0.022209556743345113,-0.02317007329963415,0.0,0.0009605165562890331,0.0039747609069822115,-0.007027064535891774,0.00894809764846984,CERTIFIED,0.0
E01_GT_RECOVERY,confirmation,hidden_vulnerability,analytical_single_step,1016,theta_1,K1,hidden_vulnerability_c0.0,0.0,L_T_hidden,L_C_hidden,0.002050408534902078,0.005034318198008783,0.0,-0.0029839096631067053,0.004369261714710666,-0.011764269809526098,0.005796450483312688,CERTIFIED,0.0
E01_GT_RECOVERY,confirmation,hidden_vulnerability,analytical_single_step,1017,theta_1,K1,hidden_vulnerability_c0.0,0.0,L_T_hidden,L_C_hidden,-0.0039004197725560647,-0.005352452090096644,0.0,0.001452032317540582,0.004097520887661574,-0.006782244191923936,0.0096863088270051,CERTIFIED,0.0
E01_GT_RECOVERY,confirmation,hidden_vulnerability,analytical_single_step,1018,theta_1,K1,hidden_vulnerability_c0.0,0.0,L_T_hidden,L_C_hidden,-0.009888557346625452,-0.009270156401915938,0.0,-0.000618400944709513,0.003659384505030587,-0.007972209429153419,0.006735407539734393,CERTIFIED,0.0
E01_GT_RECOVERY,confirmation,hidden_vulnerability,analytical_single_step,1019,theta_1,K1,hidden_vulnerability_c0.0,0.0,L_T_hidden,L_C_hidden,-0.009178632499084138,-0.015475044551856275,0.0,0.006296412052772134,0.004163564706985561,-0.002070584480571306,0.014663408586115576,CERTIFIED,0.0
E01_GT_RECOVERY,confirmation,hidden_vulnerability,analytical_single_step,1020,theta_1,K1,hidden_vulnerability_c0.0,0.0,L_T_hidden,L_C_hidden,0.01538578745134236,0.015603214523133764,0.0,-0.00021742707179139988,0.004222948074515497,-0.008703758950020344,0.008268904806437544,CERTIFIED,0.0
E01_GT_RECOVERY,confirmation,hidden_vulnerability,analytical_single_step,1021,theta_1,K1,hidden_vulnerability_c0.0,0.0,L_T_hidden,L_C_hidden,0.000736990274950368,0.01052048624030885,0.0,-0.009783495965358489,0.0036523678466627383,-0.01712320394689897,-0.002443787983818008,CERTIFIED,0.0
E01_GT_RECOVERY,confirmation,hidden_vulnerability,analytical_single_step,1022,theta_1,K1,hidden_vulnerability_c0.0,0.0,L_T_hidden,L_C_hidden,-0.008325605378004903,-0.007808001078396748,0.0,-0.0005176042996081592,0.0046104771625182575,-0.009782705036754729,0.00874749643753841,CERTIFIED,0.0
E01_GT_RECOVERY,confirmation,hidden_vulnerability,analytical_single_step,1023,theta_1,K1,hidden_vulnerability_c0.0,0.0,L_T_hidden,L_C_hidden,-0.0015812756925618014,0.00021984177027240648,0.0,-0.0018011174628342042,0.0041245059939395735,-0.010089622573646291,0.006487387647977882,CERTIFIED,0.0
E01_GT_RECOVERY,confirmation,hidden_vulnerability,analytical_single_step,1024,theta_1,K1,hidden_vulnerability_c0.0,0.0,L_T_hidden,L_C_hidden,-0.004190615160043934,-0.005301215739054288,0.0,0.0011106005790103566,0.004339296882862421,-0.007609542983342061,0.009830744141362775,CERTIFIED,0.0
E01_GT_RECOVERY,confirmation,hidden_vulnerability,analytical_single_step,1025,theta_1,K1,hidden_vulnerability_c0.0,0.0,L_T_hidden,L_C_hidden,0.010495474075600687,0.0030231596239407494,0.0,0.007472314451659932,0.0036562438702788746,0.00012481730904193543,0.01481981159427793,CERTIFIED,0.0
E01_GT_RECOVERY,confirmation,hidden_vulnerability,analytical_single_step,1026,theta_1,K1,hidden_vulnerability_c0.0,0.0,L_T_hidden,L_C_hidden,-0.014257753699448235,-0.010371594269688384,0.0,-0.0038861594297598533,0.003273913102612611,-0.010465334129283113,0.0026930152697634074,CERTIFIED,0.0
E01_GT_RECOVERY,confirmation,hidden_vulnerability,analytical_single_step,1027,theta_1,K1,hidden_vulnerability_c0.0,0.0,L_T_hidden,L_C_hidden,-0.009443473922822767,-0.020189550141039212,0.0,0.010746076218216449,0.0032861239684499497,0.004142362865082564,0.017349789571350333,CERTIFIED,0.0
E01_GT_RECOVERY,confirmation,hidden_vulnerability,analytical_single_step,1028,theta_1,K1,hidden_vulnerability_c0.0,0.0,L_T_hidden,L_C_hidden,0.009659820770539038,0.009971583183629885,0.0,-0.0003117624130908469,0.0035667394318703634,-0.007479393652669941,0.006855868826488246,CERTIFIED,0.0
E01_GT_RECOVERY,confirmation,hidden_vulnerability,analytical_single_step,1029,theta_1,K1,hidden_vulnerability_c0.0,0.0,L_T_hidden,L_C_hidden,-0.0023274286326574714,-9.755883783062414e-05,0.0,-0.0022298697948268473,0.00424657692083433,-0.010763685617500051,0.006303946027846357,CERTIFIED,0.0
E01_GT_RECOVERY,confirmation,hidden_vulnerability,analytical_single_step,1000,theta_1,K1,hidden_vulnerability_c1.0,1.0,L_T_hidden,L_C_hidden,2.666705205811528,-2.6961629647349628,,5.36286817054649,0.013525274794979052,5.3356881132431315,5.390048227849848,CERTIFIED,5.3636150862049385
E01_GT_RECOVERY,confirmation,hidden_vulnerability,analytical_single_step,1001,theta_1,K1,hidden_vulnerability_c1.0,1.0,L_T_hidden,L_C_hidden,2.71291749258783,-2.6531764462610643,,5.366093938848893,0.01199065217687814,5.341997821157209,5.390190056540577,CERTIFIED,5.3636150862049385
E01_GT_RECOVERY,confirmation,hidden_vulnerability,analytical_single_step,1002,theta_1,K1,hidden_vulnerability_c1.0,1.0,L_T_hidden,L_C_hidden,2.7059484927484347,-2.6883821913595205,,5.394330684107956,0.012295659470053864,5.3696216313127625,5.41903973690315,CERTIFIED,5.3636150862049385
E01_GT_RECOVERY,confirmation,hidden_vulnerability,analytical_single_step,1003,theta_1,K1,hidden_vulnerability_c1.0,1.0,L_T_hidden,L_C_hidden,2.664932519892239,-2.6941067211166136,,5.359039241008852,0.013447119524323406,5.332016242602054,5.38606223941565,CERTIFIED,5.3636150862049385
E01_GT_RECOVERY,confirmation,hidden_vulnerability,analytical_single_step,1004,theta_1,K1,hidden_vulnerability_c1.0,1.0,L_T_hidden,L_C_hidden,2.690815106972173,-2.6715599947815383,,5.362375101753713,0.010938358819569217,5.340393646735072,5.384356556772354,CERTIFIED,5.3636150862049385
E01_GT_RECOVERY,confirmation,hidden_vulnerability,analytical_single_step,1005,theta_1,K1,hidden_vulnerability_c1.0,1.0,L_T_hidden,L_C_hidden,2.6782961855482963,-2.6823681794087753,,5.360664364957071,0.012099252531734887,5.336350006681523,5.384978723232618,CERTIFIED,5.3636150862049385
E01_GT_RECOVERY,confirmation,hidden_vulnerability,analytical_single_step,1006,theta_1,K1,hidden_vulnerability_c1.0,1.0,L_T_hidden,L_C_hidden,2.7047786722530764,-2.659642949611812,,5.364421621864889,0.011596038195215494,5.341118510658979,5.387724733070798,CERTIFIED,5.3636150862049385
E01_GT_RECOVERY,confirmation,hidden_vulnerability,analytical_single_step,1007,theta_1,K1,hidden_vulnerability_c1.0,1.0,L_T_hidden,L_C_hidden,2.6768556663889522,-2.6653976711470087,,5.342253337535961,0.013372859989313065,5.315379569251841,5.369127105820081,CERTIFIED,5.3636150862049385
E01_GT_RECOVERY,confirmation,hidden_vulnerability,analytical_single_step,1008,theta_1,K1,hidden_vulnerability_c1.0,1.0,L_T_hidden,L_C_hidden,2.687877683175797,-2.684853977864985,,5.372731661040781,0.011698843605482468,5.349221954628156,5.396241367453406,CERTIFIED,5.3636150862049385
E01_GT_RECOVERY,confirmation,hidden_vulnerability,analytical_single_step,1009,theta_1,K1,hidden_vulnerability_c1.0,1.0,L_T_hidden,L_C_hidden,2.689484272755453,-2.685513597845006,,5.37499787060046,0.013523186308917108,5.347822010266975,5.402173730933945,CERTIFIED,5.3636150862049385
E01_GT_RECOVERY,confirmation,hidden_vulnerability,analytical_single_step,1010,theta_1,K1,hidden_vulnerability_c1.0,1.0,L_T_hidden,L_C_hidden,2.672672672371287,-2.6763999757698294,,5.349072648141115,0.01260462958714239,5.323742696649607,5.374402599632623,CERTIFIED,5.3636150862049385
E01_GT_RECOVERY,confirmation,hidden_vulnerability,analytical_single_step,1011,theta_1,K1,hidden_vulnerability_c1.0,1.0,L_T_hidden,L_C_hidden,2.674777003829831,-2.679624327091698,,5.3544013309215295,0.012168555920870341,5.329947702271326,5.378854959571733,CERTIFIED,5.3636150862049385
E01_GT_RECOVERY,confirmation,hidden_vulnerability,analytical_single_step,1012,theta_1,K1,hidden_vulnerability_c1.0,1.0,L_T_hidden,L_C_hidden,2.7127676401773084,-2.674826115518781,,5.3875937556960904,0.015895903968003087,5.355649740710207,5.419537770681974,CERTIFIED,5.3636150862049385
E01_GT_RECOVERY,confirmation,hidden_vulnerability,analytical_single_step,1013,theta_1,K1,hidden_vulnerability_c1.0,1.0,L_T_hidden,L_C_hidden,2.679825512219507,-2.6951138138174406,,5.374939326036948,0.012703139812516726,5.349411410835923,5.400467241237973,CERTIFIED,5.3636150862049385
E01_GT_RECOVERY,confirmation,hidden_vulnerability,analytical_single_step,1014,theta_1,K1,hidden_vulnerability_c1.0,1.0,L_T_hidden,L_C_hidden,2.686182063010405,-2.6609733515872502,,5.347155414597655,0.01068048672063512,5.325692172963379,5.368618656231931,CERTIFIED,5.3636150862049385
E01_GT_RECOVERY,confirmation,hidden_vulnerability,analytical_single_step,1015,theta_1,K1,hidden_vulnerability_c1.0,1.0,L_T_hidden,L_C_hidden,2.698486935666041,-2.6726212991408995,,5.3711082348069406,0.0129678572922463,5.345048349913816,5.397168119700065,CERTIFIED,5.3636150862049385
E01_GT_RECOVERY,confirmation,hidden_vulnerability,analytical_single_step,1016,theta_1,K1,hidden_vulnerability_c1.0,1.0,L_T_hidden,L_C_hidden,2.696658661552017,-2.6562136845817306,,5.352872346133748,0.012279147766860465,5.328196474848414,5.377548217419082,CERTIFIED,5.3636150862049385
E01_GT_RECOVERY,confirmation,hidden_vulnerability,analytical_single_step,1017,theta_1,K1,hidden_vulnerability_c1.0,1.0,L_T_hidden,L_C_hidden,2.669889953256608,-2.685522333864835,,5.3554122871214425,0.01223088613036038,5.330833401225723,5.379991173017162,CERTIFIED,5.3636150862049385
E01_GT_RECOVERY,confirmation,hidden_vulnerability,analytical_single_step,1018,theta_1,K1,hidden_vulnerability_c1.0,1.0,L_T_hidden,L_C_hidden,2.6777426859846982,-2.6544633426479796,,5.332206028632677,0.012516572114231073,5.307053035258176,5.357359022007178,CERTIFIED,5.3636150862049385
E01_GT_RECOVERY,confirmation,hidden_vulnerability,analytical_single_step,1019,theta_1,K1,hidden_vulnerability_c1.0,1.0,L_T_hidden,L_C_hidden,2.6798888682240016,-2.689705788318631,,5.369594656542632,0.011254734551470027,5.346977420687535,5.392211892397729,CERTIFIED,5.3636150862049385
E01_GT_RECOVERY,confirmation,hidden_vulnerability,analytical_single_step,1020,theta_1,K1,hidden_vulnerability_c1.0,1.0,L_T_hidden,L_C_hidden,2.6748934456846167,-2.6847618135768574,,5.359655259261474,0.015573191215335024,5.328359759832058,5.39095075869089,CERTIFIED,5.3636150862049385
E01_GT_RECOVERY,confirmation,hidden_vulnerability,analytical_single_step,1021,theta_1,K1,hidden_vulnerability_c1.0,1.0,L_T_hidden,L_C_hidden,2.6868780110837203,-2.665030963448838,,5.351908974532558,0.01028334530861895,5.3312438184455075,5.372574130619608,CERTIFIED,5.3636150862049385
E01_GT_RECOVERY,confirmation,hidden_vulnerability,analytical_single_step,1022,theta_1,K1,hidden_vulnerability_c1.0,1.0,L_T_hidden,L_C_hidden,2.686330092249153,-2.6946493239279916,,5.380979416177144,0.012815882691369884,5.355224935678614,5.406733896675674,CERTIFIED,5.3636150862049385
E01_GT_RECOVERY,confirmation,hidden_vulnerability,analytical_single_step,1023,theta_1,K1,hidden_vulnerability_c1.0,1.0,L_T_hidden,L_C_hidden,2.6502253078743685,-2.680492561552955,,5.330717869427323,0.014824155305149625,5.3009276140147366,5.360508124839909,CERTIFIED,5.3636150862049385
E01_GT_RECOVERY,confirmation,hidden_vulnerability,analytical_single_step,1024,theta_1,K1,hidden_vulnerability_c1.0,1.0,L_T_hidden,L_C_hidden,2.669608877751124,-2.689906492370858,,5.359515370121982,0.013843034095274013,5.331696751597383,5.3873339886465805,CERTIFIED,5.3636150862049385
E01_GT_RECOVERY,confirmation,hidden_vulnerability,analytical_single_step,1025,theta_1,K1,hidden_vulnerability_c1.0,1.0,L_T_hidden,L_C_hidden,2.66564795530683,-2.703269550648496,,5.3689175059553245,0.013946609837620602,5.340890744183739,5.3969442677269095,CERTIFIED,5.3636150862049385
E01_GT_RECOVERY,confirmation,hidden_vulnerability,analytical_single_step,1026,theta_1,K1,hidden_vulnerability_c1.0,1.0,L_T_hidden,L_C_hidden,2.6853190853287083,-2.682478703253042,,5.367797788581751,0.01512420343303213,5.337404563881425,5.398191013282077,CERTIFIED,5.3636150862049385
E01_GT_RECOVERY,confirmation,hidden_vulnerability,analytical_single_step,1027,theta_1,K1,hidden_vulnerability_c1.0,1.0,L_T_hidden,L_C_hidden,2.697694822426176,-2.6671354702411416,,5.364830292667319,0.012656393882901821,5.339396316928886,5.390264268405753,CERTIFIED,5.3636150862049385
E01_GT_RECOVERY,confirmation,hidden_vulnerability,analytical_single_step,1028,theta_1,K1,hidden_vulnerability_c1.0,1.0,L_T_hidden,L_C_hidden,2.704808496962697,-2.654602293586864,,5.3594107905495605,0.013408166341331726,5.332466071494711,5.38635550960441,CERTIFIED,5.3636150862049385
E01_GT_RECOVERY,confirmation,hidden_vulnerability,analytical_single_step,1029,theta_1,K1,hidden_vulnerability_c1.0,1.0,L_T_hidden,L_C_hidden,2.6809121655257537,-2.6909745704244643,,5.371886735950218,0.01221055048648021,5.347348716060871,5.396424755839565,CERTIFIED,5.3636150862049385
E01_GT_RECOVERY,confirmation,hidden_vulnerability,analytical_single_step,1000,theta_1,K1,hidden_vulnerability_c2.0,2.0,L_T_hidden,L_C_hidden,5.325668754926596,-5.382971380055211,,10.708640134981808,0.026376987163339125,10.655633594748286,10.76164667521533,CERTIFIED,10.727230172409877
E01_GT_RECOVERY,confirmation,hidden_vulnerability,analytical_single_step,1001,theta_1,K1,hidden_vulnerability_c2.0,2.0,L_T_hidden,L_C_hidden,5.326920302226155,-5.3637681151943495,,10.690688417420503,0.024140243781452696,10.642176781299034,10.739200053541973,CERTIFIED,10.727230172409877
E01_GT_RECOVERY,confirmation,hidden_vulnerability,analytical_single_step,1002,theta_1,K1,hidden_vulnerability_c2.0,2.0,L_T_hidden,L_C_hidden,5.363246855618601,-5.359696520999581,,10.722943376618185,0.024877617456552554,10.672949932618723,10.772936820617646,CERTIFIED,10.727230172409877
E01_GT_RECOVERY,confirmation,hidden_vulnerability,analytical_single_step,1003,theta_1,K1,hidden_vulnerability_c2.0,2.0,L_T_hidden,L_C_hidden,5.377236325484663,-5.363253253785208,,10.740489579269875,0.023189297490883807,10.693888941265772,10.787090217273978,CERTIFIED,10.727230172409877
E01_GT_RECOVERY,confirmation,hidden_vulnerability,analytical_single_step,1004,theta_1,K1,hidden_vulnerability_c2.0,2.0,L_T_hidden,L_C_hidden,5.381462219567773,-5.332971692250525,,10.714433911818299,0.026868081482682864,10.660440480601528,10.76842734303507,CERTIFIED,10.727230172409877
E01_GT_RECOVERY,confirmation,hidden_vulnerability,analytical_single_step,1005,theta_1,K1,hidden_vulnerability_c2.0,2.0,L_T_hidden,L_C_hidden,5.346476049916324,-5.359815505090828,,10.706291555007152,0.025263792150321922,10.655522063905885,10.757061046108419,CERTIFIED,10.727230172409877
E01_GT_RECOVERY,confirmation,hidden_vulnerability,analytical_single_step,1006,theta_1,K1,hidden_vulnerability_c2.0,2.0,L_T_hidden,L_C_hidden,5.385432214839101,-5.349280393133322,,10.73471260797242,0.021876762856321067,10.69074960706781,10.778675608877032,CERTIFIED,10.727230172409877
E01_GT_RECOVERY,confirmation,hidden_vulnerability,analytical_single_step,1007,theta_1,K1,hidden_vulnerability_c2.0,2.0,L_T_hidden,L_C_hidden,5.390351603047872,-5.364695980636128,,10.755047583684,0.02423937138632508,10.706336743182462,10.803758424185538,CERTIFIED,10.727230172409877
E01_GT_RECOVERY,confirmation,hidden_vulnerability,analytical_single_step,1008,theta_1,K1,hidden_vulnerability_c2.0,2.0,L_T_hidden,L_C_hidden,5.381628724678489,-5.35547795285589,,10.737106677534378,0.02749377308163543,10.681855871974273,10.792357483094483,CERTIFIED,10.727230172409877
E01_GT_RECOVERY,confirmation,hidden_vulnerability,analytical_single_step,1009,theta_1,K1,hidden_vulnerability_c2.0,2.0,L_T_hidden,L_C_hidden,5.345162116157898,-5.376650273816136,,10.721812389974032,0.022784325860989482,10.676025572929104,10.767599207018959,CERTIFIED,10.727230172409877
E01_GT_RECOVERY,confirmation,hidden_vulnerability,analytical_single_step,1010,theta_1,K1,hidden_vulnerability_c2.0,2.0,L_T_hidden,L_C_hidden,5.36146856989364,-5.329517976614798,,10.690986546508439,0.026415797590333627,10.637902013801886,10.744071079214992,CERTIFIED,10.727230172409877
E01_GT_RECOVERY,confirmation,hidden_vulnerability,analytical_single_step,1011,theta_1,K1,hidden_vulnerability_c2.0,2.0,L_T_hidden,L_C_hidden,5.327436649001353,-5.386625642854698,,10.71406229185605,0.024504218033147854,10.66481922209142,10.76330536162068,CERTIFIED,10.727230172409877
E01_GT_RECOVERY,confirmation,hidden_vulnerability,analytical_single_step,1012,theta_1,K1,hidden_vulnerability_c2.0,2.0,L_T_hidden,L_C_hidden,5.352313894150472,-5.342233808885165,,10.694547703035639,0.0248590772892152,10.64459151689735,10.744503889173927,CERTIFIED,10.727230172409877
E01_GT_RECOVERY,confirmation,hidden_vulnerability,analytical_single_step,1013,theta_1,K1,hidden_vulnerability_c2.0,2.0,L_T_hidden,L_C_hidden,5.3117357514617485,-5.41380779832582,,10.725543549787567,0.027788310060039886,10.66970085000924,10.781386249565893,CERTIFIED,10.727230172409877
E01_GT_RECOVERY,confirmation,hidden_vulnerability,analytical_single_step,1014,theta_1,K1,hidden_vulnerability_c2.0,2.0,L_T_hidden,L_C_hidden,5.357608789308009,-5.33739858374361,,10.695007373051618,0.024330748524034076,10.6461129033169,10.743901842786336,CERTIFIED,10.727230172409877
E01_GT_RECOVERY,confirmation,hidden_vulnerability,analytical_single_step,1015,theta_1,K1,hidden_vulnerability_c2.0,2.0,L_T_hidden,L_C_hidden,5.386762006121936,-5.368508050516532,,10.75527005663847,0.021039956372445323,10.712988681322123,10.797551431954815,CERTIFIED,10.727230172409877
E01_GT_RECOVERY,confirmation,hidden_vulnerability,analytical_single_step,1016,theta_1,K1,hidden_vulnerability_c2.0,2.0,L_T_hidden,L_C_hidden,5.372424631531121,-5.378044861770916,,10.750469493302035,0.025577204272955987,10.699070176960106,10.801868809643963,CERTIFIED,10.727230172409877
E01_GT_RECOVERY,confirmation,hidden_vulnerability,analytical_single_step,1017,theta_1,K1,hidden_vulnerability_c2.0,2.0,L_T_hidden,L_C_hidden,5.352737903349999,-5.375953008442914,,10.728690911792912,0.028567128757867172,10.671283117245219,10.786098706340605,CERTIFIED,10.727230172409877
E01_GT_RECOVERY,confirmation,hidden_vulnerability,analytical_single_step,1018,theta_1,K1,hidden_vulnerability_c2.0,2.0,L_T_hidden,L_C_hidden,5.3958164788249,-5.340314520081323,,10.736130998906225,0.018094869887665867,10.699767996460896,10.772494001351554,CERTIFIED,10.727230172409877
E01_GT_RECOVERY,confirmation,hidden_vulnerability,analytical_single_step,1019,theta_1,K1,hidden_vulnerability_c2.0,2.0,L_T_hidden,L_C_hidden,5.373544794418726,-5.34781805896068,,10.721362853379407,0.027721029796726714,10.665655358352183,10.777070348406632,CERTIFIED,10.727230172409877
E01_GT_RECOVERY,confirmation,hidden_vulnerability,analytical_single_step,1020,theta_1,K1,hidden_vulnerability_c2.0,2.0,L_T_hidden,L_C_hidden,5.356208391820145,-5.3855285932691155,,10.741736985089263,0.03383253253078349,10.673747965506031,10.809726004672495,CERTIFIED,10.727230172409877
E01_GT_RECOVERY,confirmation,hidden_vulnerability,analytical_single_step,1021,theta_1,K1,hidden_vulnerability_c2.0,2.0,L_T_hidden,L_C_hidden,5.388355391056476,-5.370372798411556,,10.758728189468032,0.023024708745628265,10.712458304930705,10.80499807400536,CERTIFIED,10.727230172409877
E01_GT_RECOVERY,confirmation,hidden_vulnerability,analytical_single_step,1022,theta_1,K1,hidden_vulnerability_c2.0,2.0,L_T_hidden,L_C_hidden,5.367850038230752,-5.339569520116146,,10.7074195583469,0.020997647521874125,10.665223205848973,10.749615910844826,CERTIFIED,10.727230172409877
E01_GT_RECOVERY,confirmation,hidden_vulnerability,analytical_single_step,1023,theta_1,K1,hidden_vulnerability_c2.0,2.0,L_T_hidden,L_C_hidden,5.361578728813442,-5.3378064195093735,,10.699385148322817,0.02258081150357678,10.654007308690945,10.744762987954688,CERTIFIED,10.727230172409877
E01_GT_RECOVERY,confirmation,hidden_vulnerability,analytical_single_step,1024,theta_1,K1,hidden_vulnerability_c2.0,2.0,L_T_hidden,L_C_hidden,5.372063267186237,-5.362403087430598,,10.734466354616835,0.025593599581422023,10.683034090669008,10.785898618564662,CERTIFIED,10.727230172409877
E01_GT_RECOVERY,confirmation,hidden_vulnerability,analytical_single_step,1025,theta_1,K1,hidden_vulnerability_c2.0,2.0,L_T_hidden,L_C_hidden,5.323175058250575,-5.392333987804933,,10.71550904605551,0.02497316550323397,10.665323591067482,10.765694501043539,CERTIFIED,10.727230172409877
E01_GT_RECOVERY,confirmation,hidden_vulnerability,analytical_single_step,1026,theta_1,K1,hidden_vulnerability_c2.0,2.0,L_T_hidden,L_C_hidden,5.367365526056768,-5.373838582093821,,10.741204108150587,0.026954718319166494,10.687036573692597,10.795371642608577,CERTIFIED,10.727230172409877
E01_GT_RECOVERY,confirmation,hidden_vulnerability,analytical_single_step,1027,theta_1,K1,hidden_vulnerability_c2.0,2.0,L_T_hidden,L_C_hidden,5.331182737300012,-5.3879577940495915,,10.719140531349604,0.02807454910817465,10.662722612668247,10.77555845003096,CERTIFIED,10.727230172409877
E01_GT_RECOVERY,confirmation,hidden_vulnerability,analytical_single_step,1028,theta_1,K1,hidden_vulnerability_c2.0,2.0,L_T_hidden,L_C_hidden,5.371581111833774,-5.350775620533979,,10.722356732367755,0.02712427441093767,10.667848462186436,10.776865002549075,CERTIFIED,10.727230172409877
E01_GT_RECOVERY,confirmation,hidden_vulnerability,analytical_single_step,1029,theta_1,K1,hidden_vulnerability_c2.0,2.0,L_T_hidden,L_C_hidden,5.397925045043986,-5.315618919368608,,10.713543964412596,0.024145230408423226,10.665022307289048,10.762065621536143,CERTIFIED,10.727230172409877
E01_GT_RECOVERY,confirmation,negative_control,analytical_single_step,1000,theta_1,K1,negative_control_c-2.0,-2.0,L_T_negctrl,L_C_negctrl,0.4551551168043511,0.4593670623732131,,-0.004211945568861881,0.0033578952351681055,-0.01095988868232997,0.0025359975446062073,CERTIFIED,0.0
E01_GT_RECOVERY,confirmation,negative_control,analytical_single_step,1001,theta_1,K1,negative_control_c-2.0,-2.0,L_T_negctrl,L_C_negctrl,0.4533375633860357,0.4547171497852021,,-0.0013795863991662083,0.00355725282345938,-0.008528153585398247,0.005768980787065831,CERTIFIED,0.0
E01_GT_RECOVERY,confirmation,negative_control,analytical_single_step,1002,theta_1,K1,negative_control_c-2.0,-2.0,L_T_negctrl,L_C_negctrl,0.4483353823247049,0.4527252133248841,,-0.004389831000179206,0.003512262220811894,-0.011447986185427337,0.0026683241850689243,CERTIFIED,0.0
E01_GT_RECOVERY,confirmation,negative_control,analytical_single_step,1003,theta_1,K1,negative_control_c-2.0,-2.0,L_T_negctrl,L_C_negctrl,0.4543152503281406,0.4564928453175571,,-0.002177594989416573,0.0030498360769896874,-0.008306470047038434,0.003951280068205287,CERTIFIED,0.0
E01_GT_RECOVERY,confirmation,negative_control,analytical_single_step,1004,theta_1,K1,negative_control_c-2.0,-2.0,L_T_negctrl,L_C_negctrl,0.42160252741358056,0.4256069254417869,,-0.004004398028206309,0.0034372499246051453,-0.010911810360517154,0.0029030143041045356,CERTIFIED,0.0
E01_GT_RECOVERY,confirmation,negative_control,analytical_single_step,1005,theta_1,K1,negative_control_c-2.0,-2.0,L_T_negctrl,L_C_negctrl,0.45013019850924985,0.45365867596724,,-0.0035284774579901366,0.003145349381110487,-0.00984929368638955,0.0027923387704092764,CERTIFIED,0.0
E01_GT_RECOVERY,confirmation,negative_control,analytical_single_step,1006,theta_1,K1,negative_control_c-2.0,-2.0,L_T_negctrl,L_C_negctrl,0.4625565864084247,0.45411044858231103,,0.008446137826113725,0.0027682369946875453,0.0028831573110845686,0.014009118341142882,CERTIFIED,0.0
E01_GT_RECOVERY,confirmation,negative_control,analytical_single_step,1007,theta_1,K1,negative_control_c-2.0,-2.0,L_T_negctrl,L_C_negctrl,0.44843292366670895,0.45317676475074437,,-0.004743841084035369,0.002982920031541245,-0.010738243313757424,0.0012505611456866857,CERTIFIED,0.0
E01_GT_RECOVERY,confirmation,negative_control,analytical_single_step,1008,theta_1,K1,negative_control_c-2.0,-2.0,L_T_negctrl,L_C_negctrl,0.47138023619323666,0.473665352759866,,-0.002285116566629345,0.0035662089768322964,-0.009451681816899529,0.004881448683640838,CERTIFIED,0.0
E01_GT_RECOVERY,confirmation,negative_control,analytical_single_step,1009,theta_1,K1,negative_control_c-2.0,-2.0,L_T_negctrl,L_C_negctrl,0.4670170228170899,0.46558655423030415,,0.0014304685867857203,0.003070109484938983,-0.0047391474094232635,0.007600084582994705,CERTIFIED,0.0
E01_GT_RECOVERY,confirmation,negative_control,analytical_single_step,1010,theta_1,K1,negative_control_c-2.0,-2.0,L_T_negctrl,L_C_negctrl,0.47024843078786643,0.468834121948445,,0.0014143088394214765,0.0030856805311096393,-0.004786598345588254,0.007615216024431206,CERTIFIED,0.0
E01_GT_RECOVERY,confirmation,negative_control,analytical_single_step,1011,theta_1,K1,negative_control_c-2.0,-2.0,L_T_negctrl,L_C_negctrl,0.43975340078443476,0.44177572772960877,,-0.0020223269451741044,0.0031954969460287995,-0.008443918478235689,0.00439926458788748,CERTIFIED,0.0
E01_GT_RECOVERY,confirmation,negative_control,analytical_single_step,1012,theta_1,K1,negative_control_c-2.0,-2.0,L_T_negctrl,L_C_negctrl,0.4427910329473274,0.44786582577303813,,-0.005074792825710601,0.002929185632232406,-0.010961211737199598,0.0008116260857783967,CERTIFIED,0.0
E01_GT_RECOVERY,confirmation,negative_control,analytical_single_step,1013,theta_1,K1,negative_control_c-2.0,-2.0,L_T_negctrl,L_C_negctrl,0.43990203567469777,0.4468565316306762,,-0.006954495955978429,0.0029164411405001585,-0.012815303852472504,-0.0010936880594843539,CERTIFIED,0.0
E01_GT_RECOVERY,confirmation,negative_control,analytical_single_step,1014,theta_1,K1,negative_control_c-2.0,-2.0,L_T_negctrl,L_C_negctrl,0.4321383172600568,0.43649885569293906,,-0.004360538432882355,0.0035515974429587184,-0.011497740706503721,0.002776663840739012,CERTIFIED,0.0
E01_GT_RECOVERY,confirmation,negative_control,analytical_single_step,1015,theta_1,K1,negative_control_c-2.0,-2.0,L_T_negctrl,L_C_negctrl,0.4658653761673456,0.4630408441639433,,0.0028245320034022236,0.00333342359809036,-0.0038742335141824136,0.009523297520986861,CERTIFIED,0.0
E01_GT_RECOVERY,confirmation,negative_control,analytical_single_step,1016,theta_1,K1,negative_control_c-2.0,-2.0,L_T_negctrl,L_C_negctrl,0.44455687702413393,0.44498035771811617,,-0.00042348069398221886,0.00294861443735009,-0.006348943251122724,0.0055019818631582874,CERTIFIED,0.0
E01_GT_RECOVERY,confirmation,negative_control,analytical_single_step,1017,theta_1,K1,negative_control_c-2.0,-2.0,L_T_negctrl,L_C_negctrl,0.43751782547956003,0.4413304705332986,,-0.003812645053738517,0.0031254122140346938,-0.010093396044883907,0.0024681059374068734,CERTIFIED,0.0
E01_GT_RECOVERY,confirmation,negative_control,analytical_single_step,1018,theta_1,K1,negative_control_c-2.0,-2.0,L_T_negctrl,L_C_negctrl,0.44946504477263743,0.4450721413368335,,0.004392903435803896,0.0035061677764268535,-0.0026530045049239963,0.011438811376531789,CERTIFIED,0.0
E01_GT_RECOVERY,confirmation,negative_control,analytical_single_step,1019,theta_1,K1,negative_control_c-2.0,-2.0,L_T_negctrl,L_C_negctrl,0.4692527890308712,0.46308607458702605,,0.006166714443845164,0.003399262805046091,-0.0006643599136699372,0.012997788801360266,CERTIFIED,0.0
E01_GT_RECOVERY,confirmation,negative_control,analytical_single_step,1020,theta_1,K1,negative_control_c-2.0,-2.0,L_T_negctrl,L_C_negctrl,0.4427038807805465,0.44319057951551344,,-0.00048669873496685336,0.00363074935515668,-0.007782962731312672,0.0068095652613789645,CERTIFIED,0.0
E01_GT_RECOVERY,confirmation,negative_control,analytical_single_step,1021,theta_1,K1,negative_control_c-2.0,-2.0,L_T_negctrl,L_C_negctrl,0.472268071035502,0.469206129555539,,0.0030619414799630653,0.0025203702592663814,-0.002002932181455655,0.008126815141381786,CERTIFIED,0.0
E01_GT_RECOVERY,confirmation,negative_control,analytical_single_step,1022,theta_1,K1,negative_control_c-2.0,-2.0,L_T_negctrl,L_C_negctrl,0.4689215535031686,0.46964670728801616,,-0.000725153784847532,0.0030342523294061468,-0.0068227121292238355,0.005372404559528772,CERTIFIED,0.0
E01_GT_RECOVERY,confirmation,negative_control,analytical_single_step,1023,theta_1,K1,negative_control_c-2.0,-2.0,L_T_negctrl,L_C_negctrl,0.43855458789278096,0.43702208426445954,,0.0015325036283213717,0.0027347802555142578,-0.003963243052150054,0.0070282503087927975,CERTIFIED,0.0
E01_GT_RECOVERY,confirmation,negative_control,analytical_single_step,1024,theta_1,K1,negative_control_c-2.0,-2.0,L_T_negctrl,L_C_negctrl,0.4372177233288236,0.43520822895813865,,0.002009494370684799,0.003071946933968885,-0.004163814117594164,0.00818280285896376,CERTIFIED,0.0
E01_GT_RECOVERY,confirmation,negative_control,analytical_single_step,1025,theta_1,K1,negative_control_c-2.0,-2.0,L_T_negctrl,L_C_negctrl,0.4416634084071378,0.43650527707887243,,0.005158131328265362,0.0028162894291606086,-0.0005014141691646384,0.010817676825695361,CERTIFIED,0.0
E01_GT_RECOVERY,confirmation,negative_control,analytical_single_step,1026,theta_1,K1,negative_control_c-2.0,-2.0,L_T_negctrl,L_C_negctrl,0.4387826343929591,0.4337365481437018,,0.005046086249257258,0.0033111789611175164,-0.0016079769967078227,0.011700149495222339,CERTIFIED,0.0
E01_GT_RECOVERY,confirmation,negative_control,analytical_single_step,1027,theta_1,K1,negative_control_c-2.0,-2.0,L_T_negctrl,L_C_negctrl,0.44276647992968665,0.44013314054801855,,0.0026333393816680628,0.002973861430839502,-0.0033428589084007285,0.008609537671736854,CERTIFIED,0.0
E01_GT_RECOVERY,confirmation,negative_control,analytical_single_step,1028,theta_1,K1,negative_control_c-2.0,-2.0,L_T_negctrl,L_C_negctrl,0.47123546025762814,0.4657170784906997,,0.005518381766928331,0.002745394474824551,1.3050141694798817e-06,0.011035458519687182,CERTIFIED,0.0
E01_GT_RECOVERY,confirmation,negative_control,analytical_single_step,1029,theta_1,K1,negative_control_c-2.0,-2.0,L_T_negctrl,L_C_negctrl,0.4430912725133719,0.4417142933055341,,0.0013769792078377496,0.00337919366258549,-0.0054137646979581094,0.008167723113633608,CERTIFIED,0.0
E01_GT_RECOVERY,confirmation,negative_control,analytical_single_step,1000,theta_1,K1,negative_control_c-1.0,-1.0,L_T_negctrl,L_C_negctrl,0.5243895169535766,0.524347674303397,,4.184265017968869e-05,0.0033447332024674,-0.006679650368302776,0.006763335668662154,CERTIFIED,0.0
E01_GT_RECOVERY,confirmation,negative_control,analytical_single_step,1001,theta_1,K1,negative_control_c-1.0,-1.0,L_T_negctrl,L_C_negctrl,0.5655847823016413,0.565478047417974,,0.00010673488366726325,0.003437605639499397,-0.006801392284486547,0.007014862051821074,CERTIFIED,0.0
E01_GT_RECOVERY,confirmation,negative_control,analytical_single_step,1002,theta_1,K1,negative_control_c-1.0,-1.0,L_T_negctrl,L_C_negctrl,0.56842550547719,0.5711743797223371,,-0.0027488742451471436,0.003594273155483397,-0.00997183657388495,0.004474088083590663,CERTIFIED,0.0
E01_GT_RECOVERY,confirmation,negative_control,analytical_single_step,1003,theta_1,K1,negative_control_c-1.0,-1.0,L_T_negctrl,L_C_negctrl,0.5585907386528115,0.5624758864921195,,-0.0038851478393080842,0.0035337766015848416,-0.0109865377913997,0.003216242112783531,CERTIFIED,0.0
E01_GT_RECOVERY,confirmation,negative_control,analytical_single_step,1004,theta_1,K1,negative_control_c-1.0,-1.0,L_T_negctrl,L_C_negctrl,0.5361980558002151,0.53921636393835,,-0.0030183081381348754,0.0035270921152316904,-0.01010626511197827,0.004069648835708518,CERTIFIED,0.0
E01_GT_RECOVERY,confirmation,negative_control,analytical_single_step,1005,theta_1,K1,negative_control_c-1.0,-1.0,L_T_negctrl,L_C_negctrl,0.5682876334803393,0.5726086831329265,,-0.0043210496525871245,0.0036340176269283077,-0.011623881486953414,0.0029817821817791643,CERTIFIED,0.0
E01_GT_RECOVERY,confirmation,negative_control,analytical_single_step,1006,theta_1,K1,negative_control_c-1.0,-1.0,L_T_negctrl,L_C_negctrl,0.5469349820679971,0.5453517800434157,,0.0015832020245813083,0.0035587341848393587,-0.005568342068797176,0.008734746117959793,CERTIFIED,0.0
E01_GT_RECOVERY,confirmation,negative_control,analytical_single_step,1007,theta_1,K1,negative_control_c-1.0,-1.0,L_T_negctrl,L_C_negctrl,0.5770249242191698,0.5715083662282638,,0.005516557990906096,0.00384035533059966,-0.0022009249832442533,0.013234040965056445,CERTIFIED,0.0
E01_GT_RECOVERY,confirmation,negative_control,analytical_single_step,1008,theta_1,K1,negative_control_c-1.0,-1.0,L_T_negctrl,L_C_negctrl,0.5606986967329114,0.5596190506873664,,0.001079646045545115,0.0035304936196460025,-0.006015146507338266,0.008174438598428497,CERTIFIED,0.0
E01_GT_RECOVERY,confirmation,negative_control,analytical_single_step,1009,theta_1,K1,negative_control_c-1.0,-1.0,L_T_negctrl,L_C_negctrl,0.5455855819262645,0.5514190960934114,,-0.005833514167146967,0.004029644173496958,-0.013931387312648574,0.002264358978354639,CERTIFIED,0.0
E01_GT_RECOVERY,confirmation,negative_control,analytical_single_step,1010,theta_1,K1,negative_control_c-1.0,-1.0,L_T_negctrl,L_C_negctrl,0.5592555318090132,0.561352012503627,,-0.0020964806946137658,0.0035476576461437375,-0.009225765650116426,0.005032804260888894,CERTIFIED,0.0
E01_GT_RECOVERY,confirmation,negative_control,analytical_single_step,1011,theta_1,K1,negative_control_c-1.0,-1.0,L_T_negctrl,L_C_negctrl,0.5560132460761552,0.5569695890025248,,-0.0009563429263696078,0.003591035438189538,-0.00817279881860885,0.006260112965869634,CERTIFIED,0.0
E01_GT_RECOVERY,confirmation,negative_control,analytical_single_step,1012,theta_1,K1,negative_control_c-1.0,-1.0,L_T_negctrl,L_C_negctrl,0.5578077355930032,0.5614821653412886,,-0.0036744297482855237,0.004592101792482473,-0.012902603796835095,0.005553744300264047,CERTIFIED,0.0
E01_GT_RECOVERY,confirmation,negative_control,analytical_single_step,1013,theta_1,K1,negative_control_c-1.0,-1.0,L_T_negctrl,L_C_negctrl,0.563482563916039,0.571253578524869,,-0.00777101460882999,0.0036349112518937452,-0.015075642249798103,-0.00046638696786187664,CERTIFIED,0.0
E01_GT_RECOVERY,confirmation,negative_control,analytical_single_step,1014,theta_1,K1,negative_control_c-1.0,-1.0,L_T_negctrl,L_C_negctrl,0.5648041495162108,0.5619672205721574,,0.002836928944053421,0.0040798701761671635,-0.005361877132674218,0.01103573502078106,CERTIFIED,0.0
E01_GT_RECOVERY,confirmation,negative_control,analytical_single_step,1015,theta_1,K1,negative_control_c-1.0,-1.0,L_T_negctrl,L_C_negctrl,0.5593473239404738,0.5587793094915475,,0.0005680144489263039,0.0035675831966384634,-0.006601312399436726,0.007737341297289333,CERTIFIED,0.0
E01_GT_RECOVERY,confirmation,negative_control,analytical_single_step,1016,theta_1,K1,negative_control_c-1.0,-1.0,L_T_negctrl,L_C_negctrl,0.5529410120722661,0.5525968565294965,,0.00034415554276952086,0.0036315738368222906,-0.006953765311514975,0.007642076397054017,CERTIFIED,0.0
E01_GT_RECOVERY,confirmation,negative_control,analytical_single_step,1017,theta_1,K1,negative_control_c-1.0,-1.0,L_T_negctrl,L_C_negctrl,0.5390838478269037,0.5343290438211242,,0.004754804005779378,0.004116130973670911,-0.00351687087169035,0.013026478883249107,CERTIFIED,0.0
E01_GT_RECOVERY,confirmation,negative_control,analytical_single_step,1018,theta_1,K1,negative_control_c-1.0,-1.0,L_T_negctrl,L_C_negctrl,0.5578200843823534,0.5531947631470221,,0.0046253212353313,0.003341060376003638,-0.0020887909620393155,0.011339433432701915,CERTIFIED,0.0
E01_GT_RECOVERY,confirmation,negative_control,analytical_single_step,1019,theta_1,K1,negative_control_c-1.0,-1.0,L_T_negctrl,L_C_negctrl,0.5623895627834259,0.5643826396887317,,-0.0019930769053058362,0.0037917883854706935,-0.009612960949182,0.005626807138570328,CERTIFIED,0.0
E01_GT_RECOVERY,confirmation,negative_control,analytical_single_step,1020,theta_1,K1,negative_control_c-1.0,-1.0,L_T_negctrl,L_C_negctrl,0.5815038743623737,0.5812448129740796,,0.00025906138829411284,0.0037082147378104165,-0.007192875122767395,0.00771099789935562,CERTIFIED,0.0
E01_GT_RECOVERY,confirmation,negative_control,analytical_single_step,1021,theta_1,K1,negative_control_c-1.0,-1.0,L_T_negctrl,L_C_negctrl,0.5673162397257554,0.5710802557259336,,-0.003764016000178162,0.0036402789114619786,-0.011079430356895936,0.0035513983565396124,CERTIFIED,0.0
E01_GT_RECOVERY,confirmation,negative_control,analytical_single_step,1022,theta_1,K1,negative_control_c-1.0,-1.0,L_T_negctrl,L_C_negctrl,0.5367578077886038,0.5437788911117811,,-0.0070210833231772315,0.00379011502132274,-0.01463760461589897,0.0005954379695445053,CERTIFIED,0.0
E01_GT_RECOVERY,confirmation,negative_control,analytical_single_step,1023,theta_1,K1,negative_control_c-1.0,-1.0,L_T_negctrl,L_C_negctrl,0.5429601117600292,0.5465723562678282,,-0.0036122445077989597,0.00338647548820569,-0.010417621790042266,0.0031931327744443468,CERTIFIED,0.0
E01_GT_RECOVERY,confirmation,negative_control,analytical_single_step,1024,theta_1,K1,negative_control_c-1.0,-1.0,L_T_negctrl,L_C_negctrl,0.545981749920632,0.5503703511770164,,-0.0043886012563844785,0.003941472131731013,-0.012309286050146117,0.0035320835373771602,CERTIFIED,0.0
E01_GT_RECOVERY,confirmation,negative_control,analytical_single_step,1025,theta_1,K1,negative_control_c-1.0,-1.0,L_T_negctrl,L_C_negctrl,0.5465664141682446,0.5464355739042133,,0.00013084026403135994,0.003995867219962785,-0.007899155552062309,0.008160836080125028,CERTIFIED,0.0
E01_GT_RECOVERY,confirmation,negative_control,analytical_single_step,1026,theta_1,K1,negative_control_c-1.0,-1.0,L_T_negctrl,L_C_negctrl,0.5398897687264532,0.5321700973160635,,0.0077196714103897526,0.0038795525388102166,-7.658130274513023e-05,0.015515924123524635,CERTIFIED,0.0
E01_GT_RECOVERY,confirmation,negative_control,analytical_single_step,1027,theta_1,K1,negative_control_c-1.0,-1.0,L_T_negctrl,L_C_negctrl,0.5450591578769294,0.5459201583169415,,-0.0008610004400122273,0.003849328566823412,-0.00859651580747474,0.006874514927450286,CERTIFIED,0.0
E01_GT_RECOVERY,confirmation,negative_control,analytical_single_step,1028,theta_1,K1,negative_control_c-1.0,-1.0,L_T_negctrl,L_C_negctrl,0.5627802553314267,0.5565331365411876,,0.006247118790239014,0.003869050471745582,-0.0015280292289841088,0.014022266809462138,CERTIFIED,0.0
E01_GT_RECOVERY,confirmation,negative_control,analytical_single_step,1029,theta_1,K1,negative_control_c-1.0,-1.0,L_T_negctrl,L_C_negctrl,0.5481765938272817,0.5442467629742483,,0.003929830853033293,0.003753183189580949,-0.0036124731451583165,0.011472134851224901,CERTIFIED,0.0
E01_GT_RECOVERY,confirmation,negative_control,analytical_single_step,1000,theta_1,K1,negative_control_c0.0,0.0,L_T_negctrl,L_C_negctrl,0.6786586335577066,0.6780466768257872,0.6675453655556607,0.0006119567319191987,0.004112165659776032,-0.0076517495489399345,0.008875663012778333,CERTIFIED,0.0
E01_GT_RECOVERY,confirmation,negative_control,analytical_single_step,1001,theta_1,K1,negative_control_c0.0,0.0,L_T_negctrl,L_C_negctrl,0.6619067452935978,0.6555019132553962,0.6675453655556607,0.0064048320382018705,0.00392014414597999,-0.0014729925635366672,0.014282656639940407,CERTIFIED,0.0
E01_GT_RECOVERY,confirmation,negative_control,analytical_single_step,1002,theta_1,K1,negative_control_c0.0,0.0,L_T_negctrl,L_C_negctrl,0.6709191625735157,0.6801105129559127,0.6675453655556607,-0.009191350382396917,0.0050774331646569765,-0.019394834338270325,0.0010121335734764904,CERTIFIED,0.0
E01_GT_RECOVERY,confirmation,negative_control,analytical_single_step,1003,theta_1,K1,negative_control_c0.0,0.0,L_T_negctrl,L_C_negctrl,0.6531009358227965,0.654678251799847,0.6675453655556607,-0.0015773159770505973,0.003950655295641176,-0.009516455029604598,0.006361823075503403,CERTIFIED,0.0
E01_GT_RECOVERY,confirmation,negative_control,analytical_single_step,1004,theta_1,K1,negative_control_c0.0,0.0,L_T_negctrl,L_C_negctrl,0.6620455931408504,0.6598124516461009,0.6675453655556607,0.0022331414947494867,0.003926086592985791,-0.005656624901339861,0.010122907890838835,CERTIFIED,0.0
E01_GT_RECOVERY,confirmation,negative_control,analytical_single_step,1005,theta_1,K1,negative_control_c0.0,0.0,L_T_negctrl,L_C_negctrl,0.6689107046553806,0.6716978731528609,0.6675453655556607,-0.0027871684974800446,0.003790019984148939,-0.010403498805850704,0.004829161810890615,CERTIFIED,0.0
E01_GT_RECOVERY,confirmation,negative_control,analytical_single_step,1006,theta_1,K1,negative_control_c0.0,0.0,L_T_negctrl,L_C_negctrl,0.6640186428807668,0.6637591024297731,0.6675453655556607,0.00025954045099368494,0.0045714926336108755,-0.00892721794222946,0.009446298844216829,CERTIFIED,0.0
E01_GT_RECOVERY,confirmation,negative_control,analytical_single_step,1007,theta_1,K1,negative_control_c0.0,0.0,L_T_negctrl,L_C_negctrl,0.655695679823843,0.6595082704353235,0.6675453655556607,-0.0038125906114804776,0.004814519457404097,-0.013487729691756652,0.005862548468795696,CERTIFIED,0.0
E01_GT_RECOVERY,confirmation,negative_control,analytical_single_step,1008,theta_1,K1,negative_control_c0.0,0.0,L_T_negctrl,L_C_negctrl,0.6487408555237488,0.64656426476439,0.6675453655556607,0.0021765907593588084,0.004189129671998673,-0.006241780494613057,0.010594962013330673,CERTIFIED,0.0
E01_GT_RECOVERY,confirmation,negative_control,analytical_single_step,1009,theta_1,K1,negative_control_c0.0,0.0,L_T_negctrl,L_C_negctrl,0.6866755597232005,0.6852201301769131,0.6675453655556607,0.001455429546287459,0.00450269951375332,-0.007593083896785079,0.010503942989359997,CERTIFIED,0.0
E01_GT_RECOVERY,confirmation,negative_control,analytical_single_step,1010,theta_1,K1,negative_control_c0.0,0.0,L_T_negctrl,L_C_negctrl,0.6798051166051667,0.6696446065039423,0.6675453655556607,0.010160510101224273,0.0046472035590831625,0.0008216049069918827,0.019499415295456665,CERTIFIED,0.0
E01_GT_RECOVERY,confirmation,negative_control,analytical_single_step,1011,theta_1,K1,negative_control_c0.0,0.0,L_T_negctrl,L_C_negctrl,0.6509794900260597,0.6528677358338141,0.6675453655556607,-0.0018882458077542864,0.004030776551751857,-0.009988394552556002,0.006211902937047428,CERTIFIED,0.0
E01_GT_RECOVERY,confirmation,negative_control,analytical_single_step,1012,theta_1,K1,negative_control_c0.0,0.0,L_T_negctrl,L_C_negctrl,0.6654839136486512,0.6683563374984938,0.6675453655556607,-0.002872423849842556,0.003942507802790209,-0.010795189902518567,0.005050342202833454,CERTIFIED,0.0
E01_GT_RECOVERY,confirmation,negative_control,analytical_single_step,1013,theta_1,K1,negative_control_c0.0,0.0,L_T_negctrl,L_C_negctrl,0.6684751548525776,0.6761890305199368,0.6675453655556607,-0.0077138756673590545,0.004516470632001858,-0.016790063208651434,0.0013623118739333239,CERTIFIED,0.0
E01_GT_RECOVERY,confirmation,negative_control,analytical_single_step,1014,theta_1,K1,negative_control_c0.0,0.0,L_T_negctrl,L_C_negctrl,0.6631098010150811,0.6633763948161993,0.6675453655556607,-0.0002665938011182889,0.004029574898278421,-0.008364327732856176,0.007831140130619599,CERTIFIED,0.0
E01_GT_RECOVERY,confirmation,negative_control,analytical_single_step,1015,theta_1,K1,negative_control_c0.0,0.0,L_T_negctrl,L_C_negctrl,0.6619829222227409,0.6666888363070589,0.6675453655556607,-0.004705914084318248,0.004213879600877886,-0.013174022182486488,0.003762194013849993,CERTIFIED,0.0
E01_GT_RECOVERY,confirmation,negative_control,analytical_single_step,1016,theta_1,K1,negative_control_c0.0,0.0,L_T_negctrl,L_C_negctrl,0.6789249984672604,0.6753736271567164,0.6675453655556607,0.0035513713105438296,0.004340379518629469,-0.00517094788983688,0.012273690510924539,CERTIFIED,0.0
E01_GT_RECOVERY,confirmation,negative_control,analytical_single_step,1017,theta_1,K1,negative_control_c0.0,0.0,L_T_negctrl,L_C_negctrl,0.6531877832149514,0.6521951661707551,0.6675453655556607,0.00099261704419636,0.004453695328041772,-0.00795741880075457,0.009942652889147289,CERTIFIED,0.0
E01_GT_RECOVERY,confirmation,negative_control,analytical_single_step,1018,theta_1,K1,negative_control_c0.0,0.0,L_T_negctrl,L_C_negctrl,0.6719619092879935,0.6673884705974922,0.6675453655556607,0.0045734386905013705,0.005072532207164705,-0.005620196422557344,0.014767073803560085,CERTIFIED,0.0
E01_GT_RECOVERY,confirmation,negative_control,analytical_single_step,1019,theta_1,K1,negative_control_c0.0,0.0,L_T_negctrl,L_C_negctrl,0.6449888747382331,0.6497838470800713,0.6675453655556607,-0.0047949723418382155,0.004275324222844889,-0.013386558030766113,0.0037966133470896824,CERTIFIED,0.0
E01_GT_RECOVERY,confirmation,negative_control,analytical_single_step,1020,theta_1,K1,negative_control_c0.0,0.0,L_T_negctrl,L_C_negctrl,0.6515046813045984,0.6420538318469698,0.6675453655556607,0.00945084945762843,0.0039016221933433127,0.0016102461132518411,0.01729145280200502,CERTIFIED,0.0
E01_GT_RECOVERY,confirmation,negative_control,analytical_single_step,1021,theta_1,K1,negative_control_c0.0,0.0,L_T_negctrl,L_C_negctrl,0.6888943344526381,0.6887915051174092,0.6675453655556607,0.00010282933522900439,0.003934411995320346,-0.007803667583231002,0.008009326253689011,CERTIFIED,0.0
E01_GT_RECOVERY,confirmation,negative_control,analytical_single_step,1022,theta_1,K1,negative_control_c0.0,0.0,L_T_negctrl,L_C_negctrl,0.6797902440288559,0.6802268487509074,0.6675453655556607,-0.00043660472205165447,0.004300492499617774,-0.009078767956743557,0.008205558512640248,CERTIFIED,0.0
E01_GT_RECOVERY,confirmation,negative_control,analytical_single_step,1023,theta_1,K1,negative_control_c0.0,0.0,L_T_negctrl,L_C_negctrl,0.6721479906259828,0.6778704729105547,0.6675453655556607,-0.005722482284571711,0.004269099763415145,-0.01430155945396508,0.0028565948848216574,CERTIFIED,0.0
E01_GT_RECOVERY,confirmation,negative_control,analytical_single_step,1024,theta_1,K1,negative_control_c0.0,0.0,L_T_negctrl,L_C_negctrl,0.680224983071836,0.6796591085092695,0.6675453655556607,0.0005658745625664285,0.004103409771997266,-0.007680236103033415,0.008811985228166272,CERTIFIED,0.0
E01_GT_RECOVERY,confirmation,negative_control,analytical_single_step,1025,theta_1,K1,negative_control_c0.0,0.0,L_T_negctrl,L_C_negctrl,0.6690035325001459,0.673799222878416,0.6675453655556607,-0.004795690378270056,0.004240448020710148,-0.013317189715022864,0.003725808958482752,CERTIFIED,0.0
E01_GT_RECOVERY,confirmation,negative_control,analytical_single_step,1026,theta_1,K1,negative_control_c0.0,0.0,L_T_negctrl,L_C_negctrl,0.6813323208966203,0.6838868956564277,0.6675453655556607,-0.00255457475980734,0.004923699120394067,-0.012449118587226273,0.007339969067611594,CERTIFIED,0.0
E01_GT_RECOVERY,confirmation,negative_control,analytical_single_step,1027,theta_1,K1,negative_control_c0.0,0.0,L_T_negctrl,L_C_negctrl,0.6540158047317993,0.6647321581680348,0.6675453655556607,-0.010716353436235324,0.003883010317686675,-0.018519554816175805,-0.0029131520562948416,CERTIFIED,0.0
E01_GT_RECOVERY,confirmation,negative_control,analytical_single_step,1028,theta_1,K1,negative_control_c0.0,0.0,L_T_negctrl,L_C_negctrl,0.6665318803919142,0.6711443267729426,0.6675453655556607,-0.004612446381028617,0.004025900450484113,-0.012702796233468941,0.0034779034714117066,CERTIFIED,0.0
E01_GT_RECOVERY,confirmation,negative_control,analytical_single_step,1029,theta_1,K1,negative_control_c0.0,0.0,L_T_negctrl,L_C_negctrl,0.6742070758614627,0.6730164709577567,0.6675453655556607,0.0011906049037059185,0.005958114039483215,-0.010782673530031612,0.01316388333744345,CERTIFIED,0.0
E01_GT_RECOVERY,confirmation,negative_control,analytical_single_step,1000,theta_1,K1,negative_control_c1.0,1.0,L_T_negctrl,L_C_negctrl,0.7893293360615635,0.7891224734794434,,0.0002068625821201664,0.004691675650675073,-0.00922141262611867,0.009635137790359004,CERTIFIED,0.0
E01_GT_RECOVERY,confirmation,negative_control,analytical_single_step,1001,theta_1,K1,negative_control_c1.0,1.0,L_T_negctrl,L_C_negctrl,0.7733408664293429,0.7835812476561678,,-0.010240381226824944,0.005382973360532065,-0.021057871194276545,0.0005771087406266587,CERTIFIED,0.0
E01_GT_RECOVERY,confirmation,negative_control,analytical_single_step,1002,theta_1,K1,negative_control_c1.0,1.0,L_T_negctrl,L_C_negctrl,0.7992646857517387,0.7921020173803002,,0.007162668371438636,0.005055977299973415,-0.00299769841007549,0.017323035152952762,CERTIFIED,0.0
E01_GT_RECOVERY,confirmation,negative_control,analytical_single_step,1003,theta_1,K1,negative_control_c1.0,1.0,L_T_negctrl,L_C_negctrl,0.7467101383604082,0.7448821433343739,,0.0018279950260346833,0.005608695740646554,-0.00944310104696087,0.013099091099030237,CERTIFIED,0.0
E01_GT_RECOVERY,confirmation,negative_control,analytical_single_step,1004,theta_1,K1,negative_control_c1.0,1.0,L_T_negctrl,L_C_negctrl,0.7463131300154024,0.7616528598294059,,-0.015339729814003633,0.004829492167064044,-0.025044957680845165,-0.005634501947162102,CERTIFIED,0.0
E01_GT_RECOVERY,confirmation,negative_control,analytical_single_step,1005,theta_1,K1,negative_control_c1.0,1.0,L_T_negctrl,L_C_negctrl,0.7883079222199472,0.7969325508610549,,-0.008624628641107716,0.005344403602433187,-0.019364609777781747,0.0021153524955663163,CERTIFIED,0.0
E01_GT_RECOVERY,confirmation,negative_control,analytical_single_step,1006,theta_1,K1,negative_control_c1.0,1.0,L_T_negctrl,L_C_negctrl,0.7436730257131486,0.7450328767948134,,-0.0013598510816648578,0.0048521580176621604,-0.011110627680596834,0.008390925517267118,CERTIFIED,0.0
E01_GT_RECOVERY,confirmation,negative_control,analytical_single_step,1007,theta_1,K1,negative_control_c1.0,1.0,L_T_negctrl,L_C_negctrl,0.766086030700704,0.7669757380063522,,-0.0008897073056480264,0.005451242369445816,-0.011844388982876057,0.010064974371580005,CERTIFIED,0.0
E01_GT_RECOVERY,confirmation,negative_control,analytical_single_step,1008,theta_1,K1,negative_control_c1.0,1.0,L_T_negctrl,L_C_negctrl,0.7639283539070506,0.7666527476041699,,-0.0027243936971194384,0.0049062191519638025,-0.012583810212835113,0.0071350228185962355,CERTIFIED,0.0
E01_GT_RECOVERY,confirmation,negative_control,analytical_single_step,1009,theta_1,K1,negative_control_c1.0,1.0,L_T_negctrl,L_C_negctrl,0.7647562039826528,0.7633358213272199,,0.001420382655432706,0.0048857851121041195,-0.008397970119786437,0.011238735430651849,CERTIFIED,0.0
E01_GT_RECOVERY,confirmation,negative_control,analytical_single_step,1010,theta_1,K1,negative_control_c1.0,1.0,L_T_negctrl,L_C_negctrl,0.7757484126661366,0.7752400049172741,,0.0005084077488624294,0.005219760635926785,-0.009981093968838008,0.010997909466562867,CERTIFIED,0.0
E01_GT_RECOVERY,confirmation,negative_control,analytical_single_step,1011,theta_1,K1,negative_control_c1.0,1.0,L_T_negctrl,L_C_negctrl,0.7793506707991515,0.7808402886594554,,-0.001489617860303709,0.005405573918504762,-0.012352525349402546,0.009373289628795129,CERTIFIED,0.0
E01_GT_RECOVERY,confirmation,negative_control,analytical_single_step,1012,theta_1,K1,negative_control_c1.0,1.0,L_T_negctrl,L_C_negctrl,0.7873697232261431,0.7834633878617805,,0.003906335364362587,0.003978856327260326,-0.004089475782994756,0.011902146511719931,CERTIFIED,0.0
E01_GT_RECOVERY,confirmation,negative_control,analytical_single_step,1013,theta_1,K1,negative_control_c1.0,1.0,L_T_negctrl,L_C_negctrl,0.7492876444311273,0.7471688000244285,,0.002118844406698679,0.004673136551229645,-0.0072721750863759494,0.011509863899773307,CERTIFIED,0.0
E01_GT_RECOVERY,confirmation,negative_control,analytical_single_step,1014,theta_1,K1,negative_control_c1.0,1.0,L_T_negctrl,L_C_negctrl,0.7866229176270342,0.7897360435508337,,-0.003113125923799438,0.005563621236457558,-0.014293641389350905,0.00806738954175203,CERTIFIED,0.0
E01_GT_RECOVERY,confirmation,negative_control,analytical_single_step,1015,theta_1,K1,negative_control_c1.0,1.0,L_T_negctrl,L_C_negctrl,0.7839641441574388,0.78490202463429,,-0.0009378804768515936,0.004636317303553758,-0.010254908921547031,0.008379147967843845,CERTIFIED,0.0
E01_GT_RECOVERY,confirmation,negative_control,analytical_single_step,1016,theta_1,K1,negative_control_c1.0,1.0,L_T_negctrl,L_C_negctrl,0.7638946185891241,0.7621153565757208,,0.0017792620134031755,0.005661499388981799,-0.009597946963716967,0.01315647099052332,CERTIFIED,0.0
E01_GT_RECOVERY,confirmation,negative_control,analytical_single_step,1017,theta_1,K1,negative_control_c1.0,1.0,L_T_negctrl,L_C_negctrl,0.7970177673344572,0.8068902550219021,,-0.009872487687444953,0.006587211086753991,-0.023109983969128958,0.003365008594239053,CERTIFIED,0.0
E01_GT_RECOVERY,confirmation,negative_control,analytical_single_step,1018,theta_1,K1,negative_control_c1.0,1.0,L_T_negctrl,L_C_negctrl,0.7689423236850536,0.7648448019270656,,0.004097521757988203,0.004816066514207787,-0.0055807262493311,0.013775769765307507,CERTIFIED,0.0
E01_GT_RECOVERY,confirmation,negative_control,analytical_single_step,1019,theta_1,K1,negative_control_c1.0,1.0,L_T_negctrl,L_C_negctrl,0.788652110055736,0.7922639191064544,,-0.0036118090507188173,0.0050514552884327055,-0.01376308850981872,0.006539470408381086,CERTIFIED,0.0
E01_GT_RECOVERY,confirmation,negative_control,analytical_single_step,1020,theta_1,K1,negative_control_c1.0,1.0,L_T_negctrl,L_C_negctrl,0.75488771361185,0.7590077529743268,,-0.004120039362476784,0.00534396378392048,-0.014859136650758848,0.006619057925805281,CERTIFIED,0.0
E01_GT_RECOVERY,confirmation,negative_control,analytical_single_step,1021,theta_1,K1,negative_control_c1.0,1.0,L_T_negctrl,L_C_negctrl,0.7690106494740904,0.7809364624212555,,-0.011925812947165153,0.005105080933553686,-0.02218485717477526,-0.0016667687195550448,CERTIFIED,0.0
E01_GT_RECOVERY,confirmation,negative_control,analytical_single_step,1022,theta_1,K1,negative_control_c1.0,1.0,L_T_negctrl,L_C_negctrl,0.7922601702002251,0.7894078796050031,,0.0028522905952220647,0.0045931936319224525,-0.00637807758682901,0.01208265877727314,CERTIFIED,0.0
E01_GT_RECOVERY,confirmation,negative_control,analytical_single_step,1023,theta_1,K1,negative_control_c1.0,1.0,L_T_negctrl,L_C_negctrl,0.7687432042346439,0.7662983896183164,,0.002444814616327772,0.005258242274589831,-0.008122018849514077,0.01301164808216962,CERTIFIED,0.0
E01_GT_RECOVERY,confirmation,negative_control,analytical_single_step,1024,theta_1,K1,negative_control_c1.0,1.0,L_T_negctrl,L_C_negctrl,0.7790113635195239,0.7789540576633698,,5.730585615406403e-05,0.004790367420480469,-0.009569297888794156,0.009683909601102285,CERTIFIED,0.0
E01_GT_RECOVERY,confirmation,negative_control,analytical_single_step,1025,theta_1,K1,negative_control_c1.0,1.0,L_T_negctrl,L_C_negctrl,0.7938078545400612,0.7877973388306568,,0.006010515709404465,0.005290058582220459,-0.004620255020388781,0.01664128643919771,CERTIFIED,0.0
E01_GT_RECOVERY,confirmation,negative_control,analytical_single_step,1026,theta_1,K1,negative_control_c1.0,1.0,L_T_negctrl,L_C_negctrl,0.7757114505784274,0.7797523302673213,,-0.004040879688893734,0.005804967415164458,-0.015706398458750357,0.007624639080962888,CERTIFIED,0.0
E01_GT_RECOVERY,confirmation,negative_control,analytical_single_step,1027,theta_1,K1,negative_control_c1.0,1.0,L_T_negctrl,L_C_negctrl,0.783113544047811,0.7850943513191929,,-0.0019808072713818838,0.006112591881414207,-0.014264520550949102,0.010302906008185335,CERTIFIED,0.0
E01_GT_RECOVERY,confirmation,negative_control,analytical_single_step,1028,theta_1,K1,negative_control_c1.0,1.0,L_T_negctrl,L_C_negctrl,0.7811227694859346,0.7826852401240117,,-0.001562470638077247,0.005170195999476071,-0.011952368489729017,0.008827427213574523,CERTIFIED,0.0
E01_GT_RECOVERY,confirmation,negative_control,analytical_single_step,1029,theta_1,K1,negative_control_c1.0,1.0,L_T_negctrl,L_C_negctrl,0.7813477853759084,0.7872548990761484,,-0.005907113700239883,0.005149022361129473,-0.0162544615325904,0.0044402341321106336,CERTIFIED,0.0
E01_GT_RECOVERY,confirmation,negative_control,analytical_single_step,1000,theta_1,K1,negative_control_c2.0,2.0,L_T_negctrl,L_C_negctrl,0.8990400262160618,0.9053156459585433,,-0.006275619742481662,0.0066063253120024696,-0.01955152749790192,0.007000288012938596,CERTIFIED,0.0
E01_GT_RECOVERY,confirmation,negative_control,analytical_single_step,1001,theta_1,K1,negative_control_c2.0,2.0,L_T_negctrl,L_C_negctrl,0.8904222356743445,0.8805632197789195,,0.0098590158954251,0.006026324167825465,-0.0022513359231504243,0.021969367714000623,CERTIFIED,0.0
E01_GT_RECOVERY,confirmation,negative_control,analytical_single_step,1002,theta_1,K1,negative_control_c2.0,2.0,L_T_negctrl,L_C_negctrl,0.8725458739501785,0.8757909977337779,,-0.0032451237835996773,0.005440840950457706,-0.014178903026798197,0.0076886554595988425,CERTIFIED,0.0
E01_GT_RECOVERY,confirmation,negative_control,analytical_single_step,1003,theta_1,K1,negative_control_c2.0,2.0,L_T_negctrl,L_C_negctrl,0.866167923569338,0.8632973064776049,,0.0028706170917329053,0.005798698412365935,-0.008782303645338312,0.014523537828804122,CERTIFIED,0.0
E01_GT_RECOVERY,confirmation,negative_control,analytical_single_step,1004,theta_1,K1,negative_control_c2.0,2.0,L_T_negctrl,L_C_negctrl,0.8643712260204234,0.869156483886131,,-0.004785257865707566,0.006522860165905652,-0.017893436130368284,0.008322920398953155,CERTIFIED,0.0
E01_GT_RECOVERY,confirmation,negative_control,analytical_single_step,1005,theta_1,K1,negative_control_c2.0,2.0,L_T_negctrl,L_C_negctrl,0.8993280889481735,0.887119635596241,,0.012208453351932656,0.005710941017880218,0.000731887701694918,0.023685019002170394,CERTIFIED,0.0
E01_GT_RECOVERY,confirmation,negative_control,analytical_single_step,1006,theta_1,K1,negative_control_c2.0,2.0,L_T_negctrl,L_C_negctrl,0.8881257735866898,0.8918651079362329,,-0.0037393343495431865,0.005556033166221635,-0.014904601017050946,0.007425932317964573,CERTIFIED,0.0
E01_GT_RECOVERY,confirmation,negative_control,analytical_single_step,1007,theta_1,K1,negative_control_c2.0,2.0,L_T_negctrl,L_C_negctrl,0.8973733481826094,0.8889813189858086,,0.008392029196800781,0.005521071797829964,-0.002702979970530924,0.019487038364132486,CERTIFIED,0.0
E01_GT_RECOVERY,confirmation,negative_control,analytical_single_step,1008,theta_1,K1,negative_control_c2.0,2.0,L_T_negctrl,L_C_negctrl,0.8578189660385601,0.8543381006663637,,0.003480865372196373,0.005646434911879573,-0.007866070404778835,0.014827801149171583,CERTIFIED,0.0
E01_GT_RECOVERY,confirmation,negative_control,analytical_single_step,1009,theta_1,K1,negative_control_c2.0,2.0,L_T_negctrl,L_C_negctrl,0.8973000777729219,0.9005146880502904,,-0.003214610277368517,0.0054784023458813065,-0.014223871970682323,0.00779465141594529,CERTIFIED,0.0
E01_GT_RECOVERY,confirmation,negative_control,analytical_single_step,1010,theta_1,K1,negative_control_c2.0,2.0,L_T_negctrl,L_C_negctrl,0.8932141354203824,0.8971875702116625,,-0.003973434791280042,0.005886528727806993,-0.01580285715533086,0.007855987572770774,CERTIFIED,0.0
E01_GT_RECOVERY,confirmation,negative_control,analytical_single_step,1011,theta_1,K1,negative_control_c2.0,2.0,L_T_negctrl,L_C_negctrl,0.9068520807329581,0.9102369488869977,,-0.0033848681540393864,0.005402478326916597,-0.014241554818938382,0.00747181851085961,CERTIFIED,0.0
E01_GT_RECOVERY,confirmation,negative_control,analytical_single_step,1012,theta_1,K1,negative_control_c2.0,2.0,L_T_negctrl,L_C_negctrl,0.8764997137134546,0.8845854534292695,,-0.008085739715815037,0.005838337230893682,-0.019818317641028673,0.0036468382093985986,CERTIFIED,0.0
E01_GT_RECOVERY,confirmation,negative_control,analytical_single_step,1013,theta_1,K1,negative_control_c2.0,2.0,L_T_negctrl,L_C_negctrl,0.8893358909570591,0.8876753786829393,,0.0016605122741199362,0.006094784388365164,-0.010587415508380573,0.013908440056620446,CERTIFIED,0.0
E01_GT_RECOVERY,confirmation,negative_control,analytical_single_step,1014,theta_1,K1,negative_control_c2.0,2.0,L_T_negctrl,L_C_negctrl,0.9033281686596165,0.9143058289291072,,-0.010977660269490888,0.0056413732998310115,-0.02231442435623335,0.00035910381725157495,CERTIFIED,0.0
E01_GT_RECOVERY,confirmation,negative_control,analytical_single_step,1015,theta_1,K1,negative_control_c2.0,2.0,L_T_negctrl,L_C_negctrl,0.9012794391247653,0.8949290689713255,,0.006350370153439735,0.0054770664687148205,-0.004656206994200455,0.017356947301079926,CERTIFIED,0.0
E01_GT_RECOVERY,confirmation,negative_control,analytical_single_step,1016,theta_1,K1,negative_control_c2.0,2.0,L_T_negctrl,L_C_negctrl,0.8757081387105515,0.8677881686478736,,0.007919970062677924,0.005814930867959902,-0.0037655710151927296,0.01960551114054858,CERTIFIED,0.0
E01_GT_RECOVERY,confirmation,negative_control,analytical_single_step,1017,theta_1,K1,negative_control_c2.0,2.0,L_T_negctrl,L_C_negctrl,0.8897490306387315,0.8864272875846857,,0.0033217430540461333,0.006042255370719762,-0.008820623715363452,0.015464109823455717,CERTIFIED,0.0
E01_GT_RECOVERY,confirmation,negative_control,analytical_single_step,1018,theta_1,K1,negative_control_c2.0,2.0,L_T_negctrl,L_C_negctrl,0.8968907157374963,0.9016693719895202,,-0.004778656252023925,0.0056063071776561646,-0.016044952327981667,0.006487639823933817,CERTIFIED,0.0
E01_GT_RECOVERY,confirmation,negative_control,analytical_single_step,1019,theta_1,K1,negative_control_c2.0,2.0,L_T_negctrl,L_C_negctrl,0.8618455653219911,0.865726687095497,,-0.0038811217735058956,0.006045417932710028,-0.016029843949177006,0.008267600402165214,CERTIFIED,0.0
E01_GT_RECOVERY,confirmation,negative_control,analytical_single_step,1020,theta_1,K1,negative_control_c2.0,2.0,L_T_negctrl,L_C_negctrl,0.8682379519447408,0.8654381921033496,,0.002799759841391367,0.004997051976642832,-0.007242192069517787,0.012841711752300521,CERTIFIED,0.0
E01_GT_RECOVERY,confirmation,negative_control,analytical_single_step,1021,theta_1,K1,negative_control_c2.0,2.0,L_T_negctrl,L_C_negctrl,0.8818117792188579,0.8934673106103094,,-0.0116555313914515,0.005924127795809447,-0.023560511911499188,0.00024944912859618806,CERTIFIED,0.0
E01_GT_RECOVERY,confirmation,negative_control,analytical_single_step,1022,theta_1,K1,negative_control_c2.0,2.0,L_T_negctrl,L_C_negctrl,0.901134864624728,0.9080845929137599,,-0.006949728289031842,0.00567658004513829,-0.01835724297932373,0.004457786401260044,CERTIFIED,0.0
E01_GT_RECOVERY,confirmation,negative_control,analytical_single_step,1023,theta_1,K1,negative_control_c2.0,2.0,L_T_negctrl,L_C_negctrl,0.891573393381688,0.8841956202184882,,0.007377773163199628,0.005045537669089136,-0.0027616143946046813,0.017517160721003937,CERTIFIED,0.0
E01_GT_RECOVERY,confirmation,negative_control,analytical_single_step,1024,theta_1,K1,negative_control_c2.0,2.0,L_T_negctrl,L_C_negctrl,0.8833593891041761,0.8868775309269888,,-0.0035181418228126525,0.005426676181921591,-0.014423455897921328,0.0073871722522960235,CERTIFIED,0.0
E01_GT_RECOVERY,confirmation,negative_control,analytical_single_step,1025,theta_1,K1,negative_control_c2.0,2.0,L_T_negctrl,L_C_negctrl,0.9162732045651992,0.906023947636535,,0.010249256928664144,0.005777097112406971,-0.0013602543709197376,0.021858768228248025,CERTIFIED,0.0
E01_GT_RECOVERY,confirmation,negative_control,analytical_single_step,1026,theta_1,K1,negative_control_c2.0,2.0,L_T_negctrl,L_C_negctrl,0.9046860191737858,0.9001768748681076,,0.004509144305678181,0.005182796242594165,-0.005906074682525519,0.01492436329388188,CERTIFIED,0.0
E01_GT_RECOVERY,confirmation,negative_control,analytical_single_step,1027,theta_1,K1,negative_control_c2.0,2.0,L_T_negctrl,L_C_negctrl,0.8687958822334686,0.8604660397047462,,0.00832984252872236,0.005672262592965937,-0.0030689959165964755,0.019728680974041193,CERTIFIED,0.0
E01_GT_RECOVERY,confirmation,negative_control,analytical_single_step,1028,theta_1,K1,negative_control_c2.0,2.0,L_T_negctrl,L_C_negctrl,0.88537716903555,0.8753302726539032,,0.010046896381646884,0.005915129485297502,-0.0018400013564199985,0.021933794119713766,CERTIFIED,0.0
E01_GT_RECOVERY,confirmation,negative_control,analytical_single_step,1029,theta_1,K1,negative_control_c2.0,2.0,L_T_negctrl,L_C_negctrl,0.9132246694163102,0.9150984370283772,,-0.001873767612066808,0.006186055188548683,-0.01430511093448909,0.010557575710355472,CERTIFIED,0.0
E01_GT_RECOVERY,confirmation,positive_control,analytical_single_step,1000,theta_1,K1,positive_control_c-2.0,-2.0,L_T_posctrl,L_C_posctrl,9.48431993752975,-9.512094718190884,,18.99641465572064,0.008302839075289859,18.97972947591707,19.01309983552421,CERTIFIED,18.99913740133451
E01_GT_RECOVERY,confirmation,positive_control,analytical_single_step,1001,theta_1,K1,positive_control_c-2.0,-2.0,L_T_posctrl,L_C_posctrl,9.507901106692191,-9.48886776163148,,18.996768868323674,0.00887311443927398,18.978937677270295,19.014600059377052,CERTIFIED,18.99913740133451
E01_GT_RECOVERY,confirmation,positive_control,analytical_single_step,1002,theta_1,K1,positive_control_c-2.0,-2.0,L_T_posctrl,L_C_posctrl,9.481689763675377,-9.510562151217883,,18.992251914893256,0.007593918247307572,18.97699136483068,19.00751246495583,CERTIFIED,18.99913740133451
E01_GT_RECOVERY,confirmation,positive_control,analytical_single_step,1003,theta_1,K1,positive_control_c-2.0,-2.0,L_T_posctrl,L_C_posctrl,9.476887429305956,-9.51399436818999,,18.99088179749595,0.009009611020549103,18.972776306292886,19.00898728869901,CERTIFIED,18.99913740133451
E01_GT_RECOVERY,confirmation,positive_control,analytical_single_step,1004,theta_1,K1,positive_control_c-2.0,-2.0,L_T_posctrl,L_C_posctrl,9.516666994186771,-9.487301878574009,,19.00396887276078,0.009431041111710479,18.985016486082337,19.022921259439222,CERTIFIED,18.99913740133451
E01_GT_RECOVERY,confirmation,positive_control,analytical_single_step,1005,theta_1,K1,positive_control_c-2.0,-2.0,L_T_posctrl,L_C_posctrl,9.47226879649882,-9.530589858043134,,19.002858654541953,0.007837294777437076,18.987109021031134,19.01860828805277,CERTIFIED,18.99913740133451
E01_GT_RECOVERY,confirmation,positive_control,analytical_single_step,1006,theta_1,K1,positive_control_c-2.0,-2.0,L_T_posctrl,L_C_posctrl,9.50680033964511,-9.481028588049996,,18.987828927695105,0.007335200357650333,18.97308829069699,19.00256956469322,CERTIFIED,18.99913740133451
E01_GT_RECOVERY,confirmation,positive_control,analytical_single_step,1007,theta_1,K1,positive_control_c-2.0,-2.0,L_T_posctrl,L_C_posctrl,9.505585620208853,-9.501402516747842,,19.006988136956693,0.006581133624900915,18.993762853791853,19.020213420121532,CERTIFIED,18.99913740133451
E01_GT_RECOVERY,confirmation,positive_control,analytical_single_step,1008,theta_1,K1,positive_control_c-2.0,-2.0,L_T_posctrl,L_C_posctrl,9.509237575381098,-9.4891451876485,,18.9983827630296,0.008198926552022926,18.981906403259615,19.014859122799585,CERTIFIED,18.99913740133451
E01_GT_RECOVERY,confirmation,positive_control,analytical_single_step,1009,theta_1,K1,positive_control_c-2.0,-2.0,L_T_posctrl,L_C_posctrl,9.470635698725424,-9.513367722175806,,18.984003420901228,0.00784576457216294,18.968236766700663,18.999770075101793,CERTIFIED,18.99913740133451
E01_GT_RECOVERY,confirmation,positive_control,analytical_single_step,1010,theta_1,K1,positive_control_c-2.0,-2.0,L_T_posctrl,L_C_posctrl,9.497282436712986,-9.490830335547829,,18.988112772260816,0.010036769735921736,18.96794312833874,19.008282416182894,CERTIFIED,18.99913740133451
E01_GT_RECOVERY,confirmation,positive_control,analytical_single_step,1011,theta_1,K1,positive_control_c-2.0,-2.0,L_T_posctrl,L_C_posctrl,9.506480647902354,-9.50793493644047,,19.014415584342824,0.007656617557113509,18.99902903529988,19.02980213338577,CERTIFIED,18.99913740133451
E01_GT_RECOVERY,confirmation,positive_control,analytical_single_step,1012,theta_1,K1,positive_control_c-2.0,-2.0,L_T_posctrl,L_C_posctrl,9.497519355969178,-9.514538784072379,,19.012058140041553,0.00889626469324875,18.994180426811052,19.029935853272054,CERTIFIED,18.99913740133451
E01_GT_RECOVERY,confirmation,positive_control,analytical_single_step,1013,theta_1,K1,positive_control_c-2.0,-2.0,L_T_posctrl,L_C_posctrl,9.512101601746494,-9.486370977997055,,18.998472579743552,0.009267775679976645,18.979848287233803,19.0170968722533,CERTIFIED,18.99913740133451
E01_GT_RECOVERY,confirmation,positive_control,analytical_single_step,1014,theta_1,K1,positive_control_c-2.0,-2.0,L_T_posctrl,L_C_posctrl,9.487916770675437,-9.531374208769519,,19.019290979444953,0.008499737265086555,19.00221011791493,19.036371840974976,CERTIFIED,18.99913740133451
E01_GT_RECOVERY,confirmation,positive_control,analytical_single_step,1015,theta_1,K1,positive_control_c-2.0,-2.0,L_T_posctrl,L_C_posctrl,9.515243123430938,-9.481990804600613,,18.997233928031548,0.009326548115848779,18.978491527890043,19.015976328173053,CERTIFIED,18.99913740133451
E01_GT_RECOVERY,confirmation,positive_control,analytical_single_step,1016,theta_1,K1,positive_control_c-2.0,-2.0,L_T_posctrl,L_C_posctrl,9.49624556410245,-9.510287055934906,,19.006532620037355,0.009595821737967443,18.987249094292828,19.02581614578188,CERTIFIED,18.99913740133451
E01_GT_RECOVERY,confirmation,positive_control,analytical_single_step,1017,theta_1,K1,positive_control_c-2.0,-2.0,L_T_posctrl,L_C_posctrl,9.509872763743722,-9.475917226033362,,18.985789989777082,0.008212240816859562,18.96928687399018,19.002293105563986,CERTIFIED,18.99913740133451
E01_GT_RECOVERY,confirmation,positive_control,analytical_single_step,1018,theta_1,K1,positive_control_c-2.0,-2.0,L_T_posctrl,L_C_posctrl,9.517960408818116,-9.477663520831635,,18.995623929649753,0.007326426807125856,18.980900923761514,19.010346935537992,CERTIFIED,18.99913740133451
E01_GT_RECOVERY,confirmation,positive_control,analytical_single_step,1019,theta_1,K1,positive_control_c-2.0,-2.0,L_T_posctrl,L_C_posctrl,9.46942343310295,-9.518525595814346,,18.987949028917296,0.008126333495122947,18.971618550356844,19.004279507477747,CERTIFIED,18.99913740133451
E01_GT_RECOVERY,confirmation,positive_control,analytical_single_step,1020,theta_1,K1,positive_control_c-2.0,-2.0,L_T_posctrl,L_C_posctrl,9.49874680167499,-9.491938134720213,,18.9906849363952,0.008748379220600042,18.97310441014847,19.008265462641933,CERTIFIED,18.99913740133451
E01_GT_RECOVERY,confirmation,positive_control,analytical_single_step,1021,theta_1,K1,positive_control_c-2.0,-2.0,L_T_posctrl,L_C_posctrl,9.472211103559458,-9.519802658498378,,18.992013762057837,0.007420765031368791,18.977101176410244,19.00692634770543,CERTIFIED,18.99913740133451
E01_GT_RECOVERY,confirmation,positive_control,analytical_single_step,1022,theta_1,K1,positive_control_c-2.0,-2.0,L_T_posctrl,L_C_posctrl,9.468311003865518,-9.530912557939455,,18.99922356180497,0.008977912987414823,18.98118177018436,19.017265353425582,CERTIFIED,18.99913740133451
E01_GT_RECOVERY,confirmation,positive_control,analytical_single_step,1023,theta_1,K1,positive_control_c-2.0,-2.0,L_T_posctrl,L_C_posctrl,9.495581527146639,-9.488100901724232,,18.98368242887087,0.008208623225565903,18.96718658290585,19.000178274835893,CERTIFIED,18.99913740133451
E01_GT_RECOVERY,confirmation,positive_control,analytical_single_step,1024,theta_1,K1,positive_control_c-2.0,-2.0,L_T_posctrl,L_C_posctrl,9.507752699426085,-9.493214558141714,,19.0009672575678,0.007518512944150288,18.9858582401352,19.0160762750004,CERTIFIED,18.99913740133451
E01_GT_RECOVERY,confirmation,positive_control,analytical_single_step,1025,theta_1,K1,positive_control_c-2.0,-2.0,L_T_posctrl,L_C_posctrl,9.502556223142797,-9.494669887743354,,18.99722611088615,0.008008555891420976,18.981132315281585,19.013319906490715,CERTIFIED,18.99913740133451
E01_GT_RECOVERY,confirmation,positive_control,analytical_single_step,1026,theta_1,K1,positive_control_c-2.0,-2.0,L_T_posctrl,L_C_posctrl,9.494608449137653,-9.513665440243388,,19.008273889381044,0.009949490815092197,18.98827963901699,19.028268139745098,CERTIFIED,18.99913740133451
E01_GT_RECOVERY,confirmation,positive_control,analytical_single_step,1027,theta_1,K1,positive_control_c-2.0,-2.0,L_T_posctrl,L_C_posctrl,9.466261896089323,-9.529764242858215,,18.996026138947535,0.007941702347453424,18.98006669056944,19.01198558732563,CERTIFIED,18.99913740133451
E01_GT_RECOVERY,confirmation,positive_control,analytical_single_step,1028,theta_1,K1,positive_control_c-2.0,-2.0,L_T_posctrl,L_C_posctrl,9.504731546653527,-9.501607296260813,,19.00633884291434,0.006735269807616159,18.99280381149357,19.019873874335108,CERTIFIED,18.99913740133451
E01_GT_RECOVERY,confirmation,positive_control,analytical_single_step,1029,theta_1,K1,positive_control_c-2.0,-2.0,L_T_posctrl,L_C_posctrl,9.495526486500234,-9.513348011681922,,19.008874498182156,0.008164916762245658,18.992466483643526,19.025282512720786,CERTIFIED,18.99913740133451
E01_GT_RECOVERY,confirmation,positive_control,analytical_single_step,1000,theta_1,K1,positive_control_c-1.0,-1.0,L_T_posctrl,L_C_posctrl,9.490935724947644,-9.512408761695138,,19.00334448664278,0.0055898745425074226,18.9921112131835,19.014577760102064,CERTIFIED,18.99913740133451
E01_GT_RECOVERY,confirmation,positive_control,analytical_single_step,1001,theta_1,K1,positive_control_c-1.0,-1.0,L_T_posctrl,L_C_posctrl,9.512636061302043,-9.477886649852131,,18.990522711154174,0.007969743366575004,18.97450691223843,19.00653851006992,CERTIFIED,18.99913740133451
E01_GT_RECOVERY,confirmation,positive_control,analytical_single_step,1002,theta_1,K1,positive_control_c-1.0,-1.0,L_T_posctrl,L_C_posctrl,9.502658494867323,-9.525750023689522,,19.02840851855684,0.008061277515077212,19.012208774882914,19.044608262230767,CERTIFIED,18.99913740133451
E01_GT_RECOVERY,confirmation,positive_control,analytical_single_step,1003,theta_1,K1,positive_control_c-1.0,-1.0,L_T_posctrl,L_C_posctrl,9.484121870982474,-9.524010185331797,,19.008132056314267,0.007827247870623619,18.99240261281859,19.023861499809943,CERTIFIED,18.99913740133451
E01_GT_RECOVERY,confirmation,positive_control,analytical_single_step,1004,theta_1,K1,positive_control_c-1.0,-1.0,L_T_posctrl,L_C_posctrl,9.499913620969505,-9.491167559642726,,18.99108118061223,0.006121638835535881,18.97877928679769,19.00338307442677,CERTIFIED,18.99913740133451
E01_GT_RECOVERY,confirmation,positive_control,analytical_single_step,1005,theta_1,K1,positive_control_c-1.0,-1.0,L_T_posctrl,L_C_posctrl,9.502689408222246,-9.502006060024115,,19.00469546824636,0.008583741465501666,18.98744579395537,19.02194514253735,CERTIFIED,18.99913740133451
E01_GT_RECOVERY,confirmation,positive_control,analytical_single_step,1006,theta_1,K1,positive_control_c-1.0,-1.0,L_T_posctrl,L_C_posctrl,9.49305844044218,-9.506408422083181,,18.99946686252536,0.008280738879468669,18.982826094728047,19.016107630322672,CERTIFIED,18.99913740133451
E01_GT_RECOVERY,confirmation,positive_control,analytical_single_step,1007,theta_1,K1,positive_control_c-1.0,-1.0,L_T_posctrl,L_C_posctrl,9.514517477487887,-9.485383780610595,,18.99990125809848,0.00757032553291193,18.98468811937053,19.015114396826426,CERTIFIED,18.99913740133451
E01_GT_RECOVERY,confirmation,positive_control,analytical_single_step,1008,theta_1,K1,positive_control_c-1.0,-1.0,L_T_posctrl,L_C_posctrl,9.488826025429127,-9.509588557173679,,18.99841458260281,0.00833791179435236,18.981658921531512,19.015170243674106,CERTIFIED,18.99913740133451
E01_GT_RECOVERY,confirmation,positive_control,analytical_single_step,1009,theta_1,K1,positive_control_c-1.0,-1.0,L_T_posctrl,L_C_posctrl,9.511054198466956,-9.494181958193845,,19.005236156660803,0.00832637410861292,18.98850368143706,19.021968631884548,CERTIFIED,18.99913740133451
E01_GT_RECOVERY,confirmation,positive_control,analytical_single_step,1010,theta_1,K1,positive_control_c-1.0,-1.0,L_T_posctrl,L_C_posctrl,9.497662696532718,-9.503134244808122,,19.000796941340838,0.007073778045210229,18.986581652148235,19.01501223053344,CERTIFIED,18.99913740133451
E01_GT_RECOVERY,confirmation,positive_control,analytical_single_step,1011,theta_1,K1,positive_control_c-1.0,-1.0,L_T_posctrl,L_C_posctrl,9.492790038346573,-9.507386153465987,,19.00017619181256,0.007629316650188122,18.984844505996126,19.015507877628995,CERTIFIED,18.99913740133451
E01_GT_RECOVERY,confirmation,positive_control,analytical_single_step,1012,theta_1,K1,positive_control_c-1.0,-1.0,L_T_posctrl,L_C_posctrl,9.49165793305734,-9.504980619787085,,18.996638552844423,0.008986764016593799,18.978578974414752,19.014698131274095,CERTIFIED,18.99913740133451
E01_GT_RECOVERY,confirmation,positive_control,analytical_single_step,1013,theta_1,K1,positive_control_c-1.0,-1.0,L_T_posctrl,L_C_posctrl,9.504555100612285,-9.510668972049553,,19.015224072661837,0.006475324628878149,19.00221142063527,19.028236724688405,CERTIFIED,18.99913740133451
E01_GT_RECOVERY,confirmation,positive_control,analytical_single_step,1014,theta_1,K1,positive_control_c-1.0,-1.0,L_T_posctrl,L_C_posctrl,9.47832575732512,-9.520351675356869,,18.998677432681987,0.006403860884942812,18.985808392425586,19.011546472938388,CERTIFIED,18.99913740133451
E01_GT_RECOVERY,confirmation,positive_control,analytical_single_step,1015,theta_1,K1,positive_control_c-1.0,-1.0,L_T_posctrl,L_C_posctrl,9.522346679049116,-9.475652671847294,,18.997999350896414,0.00945074102213548,18.97900737576581,19.016991326027018,CERTIFIED,18.99913740133451
E01_GT_RECOVERY,confirmation,positive_control,analytical_single_step,1016,theta_1,K1,positive_control_c-1.0,-1.0,L_T_posctrl,L_C_posctrl,9.509119915893166,-9.51052527702277,,19.019645192915938,0.00767081524198594,19.00423011255705,19.035060273274826,CERTIFIED,18.99913740133451
E01_GT_RECOVERY,confirmation,positive_control,analytical_single_step,1017,theta_1,K1,positive_control_c-1.0,-1.0,L_T_posctrl,L_C_posctrl,9.500136592032822,-9.49888916223083,,18.999025754263652,0.00933213989861049,18.98027211701398,19.017779391513326,CERTIFIED,18.99913740133451
E01_GT_RECOVERY,confirmation,positive_control,analytical_single_step,1018,theta_1,K1,positive_control_c-1.0,-1.0,L_T_posctrl,L_C_posctrl,9.522255521593904,-9.481712942267983,,19.003968463861888,0.008812196049270714,18.986259692896546,19.02167723482723,CERTIFIED,18.99913740133451
E01_GT_RECOVERY,confirmation,positive_control,analytical_single_step,1019,theta_1,K1,positive_control_c-1.0,-1.0,L_T_posctrl,L_C_posctrl,9.489529523915682,-9.505742228641783,,18.99527175255746,0.009780610788957032,18.975616879311975,19.014926625802946,CERTIFIED,18.99913740133451
E01_GT_RECOVERY,confirmation,positive_control,analytical_single_step,1020,theta_1,K1,positive_control_c-1.0,-1.0,L_T_posctrl,L_C_posctrl,9.504953525576857,-9.485024916499228,,18.989978442076087,0.007755764287503594,18.97439265021891,19.005564233933264,CERTIFIED,18.99913740133451
E01_GT_RECOVERY,confirmation,positive_control,analytical_single_step,1021,theta_1,K1,positive_control_c-1.0,-1.0,L_T_posctrl,L_C_posctrl,9.4842836260617,-9.51028737400265,,18.994571000064344,0.00727943577953774,18.979942426181513,19.009199573947175,CERTIFIED,18.99913740133451
E01_GT_RECOVERY,confirmation,positive_control,analytical_single_step,1022,theta_1,K1,positive_control_c-1.0,-1.0,L_T_posctrl,L_C_posctrl,9.469163087710804,-9.522382908774862,,18.991545996485666,0.00729968992895522,18.976876720365716,19.006215272605615,CERTIFIED,18.99913740133451
E01_GT_RECOVERY,confirmation,positive_control,analytical_single_step,1023,theta_1,K1,positive_control_c-1.0,-1.0,L_T_posctrl,L_C_posctrl,9.488265435712629,-9.512587828986874,,19.000853264699504,0.007595037677157422,18.985590465058426,19.016116064340583,CERTIFIED,18.99913740133451
E01_GT_RECOVERY,confirmation,positive_control,analytical_single_step,1024,theta_1,K1,positive_control_c-1.0,-1.0,L_T_posctrl,L_C_posctrl,9.502021681921072,-9.502812937316437,,19.00483461923751,0.008570091003890168,18.98761237657615,19.02205686189887,CERTIFIED,18.99913740133451
E01_GT_RECOVERY,confirmation,positive_control,analytical_single_step,1025,theta_1,K1,positive_control_c-1.0,-1.0,L_T_posctrl,L_C_posctrl,9.49325477755116,-9.50783459351297,,19.001089371064126,0.007841920869596928,18.985330441073057,19.016848301055195,CERTIFIED,18.99913740133451
E01_GT_RECOVERY,confirmation,positive_control,analytical_single_step,1026,theta_1,K1,positive_control_c-1.0,-1.0,L_T_posctrl,L_C_posctrl,9.486416270645698,-9.507993662008122,,18.99440993265382,0.007759373213466128,18.978816888388394,19.010002976919246,CERTIFIED,18.99913740133451
E01_GT_RECOVERY,confirmation,positive_control,analytical_single_step,1027,theta_1,K1,positive_control_c-1.0,-1.0,L_T_posctrl,L_C_posctrl,9.506878377191406,-9.479520073507752,,18.986398450699156,0.007394028588665148,18.971539593944748,19.001257307453564,CERTIFIED,18.99913740133451
E01_GT_RECOVERY,confirmation,positive_control,analytical_single_step,1028,theta_1,K1,positive_control_c-1.0,-1.0,L_T_posctrl,L_C_posctrl,9.479907376127144,-9.524729295882489,,19.00463667200963,0.008620619715112849,18.98731288810143,19.02196045591783,CERTIFIED,18.99913740133451
E01_GT_RECOVERY,confirmation,positive_control,analytical_single_step,1029,theta_1,K1,positive_control_c-1.0,-1.0,L_T_posctrl,L_C_posctrl,9.500486941740284,-9.503895433366836,,19.004382375107124,0.008449783991002355,18.987401898439714,19.021362851774533,CERTIFIED,18.99913740133451
E01_GT_RECOVERY,confirmation,positive_control,analytical_single_step,1000,theta_1,K1,positive_control_c0.0,0.0,L_T_posctrl,L_C_posctrl,9.508543325302016,-9.484263417258633,9.499568700667256,18.99280674256065,0.006730163766757213,18.97928197211315,19.00633151300815,CERTIFIED,18.99913740133451
E01_GT_RECOVERY,confirmation,positive_control,analytical_single_step,1001,theta_1,K1,positive_control_c0.0,0.0,L_T_posctrl,L_C_posctrl,9.511889514789678,-9.479453752161614,9.499568700667256,18.99134326695129,0.006841593088210245,18.97759457089871,19.00509196300387,CERTIFIED,18.99913740133451
E01_GT_RECOVERY,confirmation,positive_control,analytical_single_step,1002,theta_1,K1,positive_control_c0.0,0.0,L_T_posctrl,L_C_posctrl,9.488468360717443,-9.509995893461252,9.499568700667256,18.998464254178696,0.008142181519330787,18.982101927821237,19.014826580536155,CERTIFIED,18.99913740133451
E01_GT_RECOVERY,confirmation,positive_control,analytical_single_step,1003,theta_1,K1,positive_control_c0.0,0.0,L_T_posctrl,L_C_posctrl,9.479021199192992,-9.512352936767927,9.499568700667256,18.991374135960918,0.009331686980300824,18.972621408884663,19.010126863037172,CERTIFIED,18.99913740133451
E01_GT_RECOVERY,confirmation,positive_control,analytical_single_step,1004,theta_1,K1,positive_control_c0.0,0.0,L_T_posctrl,L_C_posctrl,9.482762791484227,-9.507158731615776,9.499568700667256,18.989921523100005,0.008566760642551645,18.97270597305032,19.00713707314969,CERTIFIED,18.99913740133451
E01_GT_RECOVERY,confirmation,positive_control,analytical_single_step,1005,theta_1,K1,positive_control_c0.0,0.0,L_T_posctrl,L_C_posctrl,9.511300146418048,-9.493280301125488,9.499568700667256,19.00458044754354,0.009178301750206844,18.986135959627422,19.023024935459656,CERTIFIED,18.99913740133451
E01_GT_RECOVERY,confirmation,positive_control,analytical_single_step,1006,theta_1,K1,positive_control_c0.0,0.0,L_T_posctrl,L_C_posctrl,9.486482159712029,-9.511438087534414,9.499568700667256,18.997920247246444,0.0076444994627130405,18.98255805042593,19.01328244406696,CERTIFIED,18.99913740133451
E01_GT_RECOVERY,confirmation,positive_control,analytical_single_step,1007,theta_1,K1,positive_control_c0.0,0.0,L_T_posctrl,L_C_posctrl,9.510041802879165,-9.487853610943507,9.499568700667256,18.99789541382267,0.007199070298712542,18.983428340420023,19.012362487225314,CERTIFIED,18.99913740133451
E01_GT_RECOVERY,confirmation,positive_control,analytical_single_step,1008,theta_1,K1,positive_control_c0.0,0.0,L_T_posctrl,L_C_posctrl,9.490646776606145,-9.508122389533685,9.499568700667256,18.998769166139827,0.008129902527591241,18.982431515340103,19.01510681693955,CERTIFIED,18.99913740133451
E01_GT_RECOVERY,confirmation,positive_control,analytical_single_step,1009,theta_1,K1,positive_control_c0.0,0.0,L_T_posctrl,L_C_posctrl,9.500788403875841,-9.487488388974064,9.499568700667256,18.988276792849906,0.007017360217766459,18.974174879526267,19.002378706173545,CERTIFIED,18.99913740133451
E01_GT_RECOVERY,confirmation,positive_control,analytical_single_step,1010,theta_1,K1,positive_control_c0.0,0.0,L_T_posctrl,L_C_posctrl,9.477545811179903,-9.519611599042916,9.499568700667256,18.99715741022282,0.007223043439366237,18.98264216099036,19.01167265945528,CERTIFIED,18.99913740133451
E01_GT_RECOVERY,confirmation,positive_control,analytical_single_step,1011,theta_1,K1,positive_control_c0.0,0.0,L_T_posctrl,L_C_posctrl,9.508152238273816,-9.475087393163946,9.499568700667256,18.983239631437762,0.008379351331732255,18.966400694498308,19.000078568377216,CERTIFIED,18.99913740133451
E01_GT_RECOVERY,confirmation,positive_control,analytical_single_step,1012,theta_1,K1,positive_control_c0.0,0.0,L_T_posctrl,L_C_posctrl,9.481544642367298,-9.51370012186561,9.499568700667256,18.995244764232908,0.008243457274235632,18.978678916626272,19.011810611839543,CERTIFIED,18.99913740133451
E01_GT_RECOVERY,confirmation,positive_control,analytical_single_step,1013,theta_1,K1,positive_control_c0.0,0.0,L_T_posctrl,L_C_posctrl,9.500279606685949,-9.504210832108617,9.499568700667256,19.004490438794566,0.009148102774813349,18.986106637991586,19.022874239597545,CERTIFIED,18.99913740133451
E01_GT_RECOVERY,confirmation,positive_control,analytical_single_step,1014,theta_1,K1,positive_control_c0.0,0.0,L_T_posctrl,L_C_posctrl,9.528999975966528,-9.467069371979294,9.499568700667256,18.99606934794582,0.00791245057617343,18.980168683202933,19.011970012688707,CERTIFIED,18.99913740133451
E01_GT_RECOVERY,confirmation,positive_control,analytical_single_step,1015,theta_1,K1,positive_control_c0.0,0.0,L_T_posctrl,L_C_posctrl,9.479220657425774,-9.52108830568667,9.499568700667256,19.00030896311244,0.007182281396410329,18.985875628272122,19.01474229795276,CERTIFIED,18.99913740133451
E01_GT_RECOVERY,confirmation,positive_control,analytical_single_step,1016,theta_1,K1,positive_control_c0.0,0.0,L_T_posctrl,L_C_posctrl,9.493670728322654,-9.510098597504957,9.499568700667256,19.003769325827605,0.008379579244460407,18.986929930880375,19.020608720774835,CERTIFIED,18.99913740133451
E01_GT_RECOVERY,confirmation,positive_control,analytical_single_step,1017,theta_1,K1,positive_control_c0.0,0.0,L_T_posctrl,L_C_posctrl,9.472663617369662,-9.513418874723747,9.499568700667256,18.98608249209341,0.008370841989704341,18.969260655316976,19.002904328869842,CERTIFIED,18.99913740133451
E01_GT_RECOVERY,confirmation,positive_control,analytical_single_step,1018,theta_1,K1,positive_control_c0.0,0.0,L_T_posctrl,L_C_posctrl,9.49989037998387,-9.487457491281237,9.499568700667256,18.987347871265104,0.007360093339237446,18.972557209947613,19.002138532582595,CERTIFIED,18.99913740133451
E01_GT_RECOVERY,confirmation,positive_control,analytical_single_step,1019,theta_1,K1,positive_control_c0.0,0.0,L_T_posctrl,L_C_posctrl,9.52232186722337,-9.475585844745456,9.499568700667256,18.997907711968825,0.007367360288949763,18.98310244716914,19.01271297676851,CERTIFIED,18.99913740133451
E01_GT_RECOVERY,confirmation,positive_control,analytical_single_step,1020,theta_1,K1,positive_control_c0.0,0.0,L_T_posctrl,L_C_posctrl,9.48327529323722,-9.513665464332659,9.499568700667256,18.996940757569877,0.0080519685183873,18.980759721025183,19.01312179411457,CERTIFIED,18.99913740133451
E01_GT_RECOVERY,confirmation,positive_control,analytical_single_step,1021,theta_1,K1,positive_control_c0.0,0.0,L_T_posctrl,L_C_posctrl,9.484769107901414,-9.497250796375239,9.499568700667256,18.98201990427665,0.007308918899299368,18.967332081846433,18.99670772670687,CERTIFIED,18.99913740133451
E01_GT_RECOVERY,confirmation,positive_control,analytical_single_step,1022,theta_1,K1,positive_control_c0.0,0.0,L_T_posctrl,L_C_posctrl,9.502948732017101,-9.502709720583873,9.499568700667256,19.005658452600972,0.009264946770901889,18.987039844996847,19.024277060205097,CERTIFIED,18.99913740133451
E01_GT_RECOVERY,confirmation,positive_control,analytical_single_step,1023,theta_1,K1,positive_control_c0.0,0.0,L_T_posctrl,L_C_posctrl,9.499079826965835,-9.508234935531998,9.499568700667256,19.007314762497835,0.008007397833706655,18.991223294097374,19.023406230898296,CERTIFIED,18.99913740133451
E01_GT_RECOVERY,confirmation,positive_control,analytical_single_step,1024,theta_1,K1,positive_control_c0.0,0.0,L_T_posctrl,L_C_posctrl,9.498268217276548,-9.496115831086582,9.499568700667256,18.994384048363134,0.008217398651170393,18.977870567520124,19.010897529206144,CERTIFIED,18.99913740133451
E01_GT_RECOVERY,confirmation,positive_control,analytical_single_step,1025,theta_1,K1,positive_control_c0.0,0.0,L_T_posctrl,L_C_posctrl,9.493729842406978,-9.508093650823552,9.499568700667256,19.001823493230532,0.007164895152123414,18.987425097356198,19.016221889104866,CERTIFIED,18.99913740133451
E01_GT_RECOVERY,confirmation,positive_control,analytical_single_step,1026,theta_1,K1,positive_control_c0.0,0.0,L_T_posctrl,L_C_posctrl,9.495799663721895,-9.50859793212237,9.499568700667256,19.004397595844267,0.008154885040159694,18.988009740805925,19.02078545088261,CERTIFIED,18.99913740133451
E01_GT_RECOVERY,confirmation,positive_control,analytical_single_step,1027,theta_1,K1,positive_control_c0.0,0.0,L_T_posctrl,L_C_posctrl,9.523424778245555,-9.477891336537496,9.499568700667256,19.00131611478305,0.006928771975498576,18.987392226197375,19.015240003368728,CERTIFIED,18.99913740133451
E01_GT_RECOVERY,confirmation,positive_control,analytical_single_step,1028,theta_1,K1,positive_control_c0.0,0.0,L_T_posctrl,L_C_posctrl,9.48170868762775,-9.519727718476458,9.499568700667256,19.001436406104208,0.008062630705252071,18.985233943092815,19.0176388691156,CERTIFIED,18.99913740133451
E01_GT_RECOVERY,confirmation,positive_control,analytical_single_step,1029,theta_1,K1,positive_control_c0.0,0.0,L_T_posctrl,L_C_posctrl,9.490785268343892,-9.509993243452723,9.499568700667256,19.000778511796614,0.006910941438454708,18.986890455016646,19.014666568576583,CERTIFIED,18.99913740133451
E01_GT_RECOVERY,confirmation,positive_control,analytical_single_step,1000,theta_1,K1,positive_control_c1.0,1.0,L_T_posctrl,L_C_posctrl,9.492353022244032,-9.501299876751707,,18.99365289899574,0.00890415770168096,18.975759324170948,19.011546473820534,CERTIFIED,18.99913740133451
E01_GT_RECOVERY,confirmation,positive_control,analytical_single_step,1001,theta_1,K1,positive_control_c1.0,1.0,L_T_posctrl,L_C_posctrl,9.508274026174565,-9.492141995366389,,19.000416021540953,0.008040535116504495,18.984257961277557,19.01657408180435,CERTIFIED,18.99913740133451
E01_GT_RECOVERY,confirmation,positive_control,analytical_single_step,1002,theta_1,K1,positive_control_c1.0,1.0,L_T_posctrl,L_C_posctrl,9.48828724974416,-9.508094417335709,,18.99638166707987,0.008359984079065175,18.979581650091784,19.013181684067956,CERTIFIED,18.99913740133451
E01_GT_RECOVERY,confirmation,positive_control,analytical_single_step,1003,theta_1,K1,positive_control_c1.0,1.0,L_T_posctrl,L_C_posctrl,9.494119045451217,-9.506770555151018,,19.000889600602235,0.0074914809385771275,18.985834906018646,19.015944295185825,CERTIFIED,18.99913740133451
E01_GT_RECOVERY,confirmation,positive_control,analytical_single_step,1004,theta_1,K1,positive_control_c1.0,1.0,L_T_posctrl,L_C_posctrl,9.500821143384,-9.497611673404702,,18.998432816788704,0.006660235606804483,18.985048572239823,19.011817061337585,CERTIFIED,18.99913740133451
E01_GT_RECOVERY,confirmation,positive_control,analytical_single_step,1005,theta_1,K1,positive_control_c1.0,1.0,L_T_posctrl,L_C_posctrl,9.509178259705328,-9.493945007710085,,19.003123267415415,0.008534006771748325,18.985973538733415,19.020272996097415,CERTIFIED,18.99913740133451
E01_GT_RECOVERY,confirmation,positive_control,analytical_single_step,1006,theta_1,K1,positive_control_c1.0,1.0,L_T_posctrl,L_C_posctrl,9.487934212352748,-9.504695108285938,,18.99262932063869,0.00846157734792828,18.97562514433324,19.009633496944144,CERTIFIED,18.99913740133451
E01_GT_RECOVERY,confirmation,positive_control,analytical_single_step,1007,theta_1,K1,positive_control_c1.0,1.0,L_T_posctrl,L_C_posctrl,9.498636298217546,-9.505811298307641,,19.00444759652519,0.007815369642074023,18.988742023223466,19.020153169826912,CERTIFIED,18.99913740133451
E01_GT_RECOVERY,confirmation,positive_control,analytical_single_step,1008,theta_1,K1,positive_control_c1.0,1.0,L_T_posctrl,L_C_posctrl,9.502526025744391,-9.504044731591476,,19.00657075733587,0.00789297455462777,18.9907092311236,19.022432283548138,CERTIFIED,18.99913740133451
E01_GT_RECOVERY,confirmation,positive_control,analytical_single_step,1009,theta_1,K1,positive_control_c1.0,1.0,L_T_posctrl,L_C_posctrl,9.499308599694597,-9.494583726928733,,18.99389232662333,0.007475300782386775,18.978870147280954,19.00891450596571,CERTIFIED,18.99913740133451
E01_GT_RECOVERY,confirmation,positive_control,analytical_single_step,1010,theta_1,K1,positive_control_c1.0,1.0,L_T_posctrl,L_C_posctrl,9.482606609529434,-9.490747054425851,,18.973353663955287,0.006751533171003973,18.959785950082182,18.98692137782839,CERTIFIED,18.99913740133451
E01_GT_RECOVERY,confirmation,positive_control,analytical_single_step,1011,theta_1,K1,positive_control_c1.0,1.0,L_T_posctrl,L_C_posctrl,9.502080829468508,-9.476240666272984,,18.978321495741497,0.00815042035482639,18.961942612824245,18.99470037865875,CERTIFIED,18.99913740133451
E01_GT_RECOVERY,confirmation,positive_control,analytical_single_step,1012,theta_1,K1,positive_control_c1.0,1.0,L_T_posctrl,L_C_posctrl,9.472872155695761,-9.520067189421406,,18.99293934511717,0.007410563897870199,18.978047259414843,19.007831430819493,CERTIFIED,18.99913740133451
E01_GT_RECOVERY,confirmation,positive_control,analytical_single_step,1013,theta_1,K1,positive_control_c1.0,1.0,L_T_posctrl,L_C_posctrl,9.511276180223227,-9.482354935978396,,18.993631116201623,0.0074831362534577,18.97859319089061,19.008669041512636,CERTIFIED,18.99913740133451
E01_GT_RECOVERY,confirmation,positive_control,analytical_single_step,1014,theta_1,K1,positive_control_c1.0,1.0,L_T_posctrl,L_C_posctrl,9.496180468075902,-9.507986799836162,,19.004167267912067,0.009177380672133962,18.98572463097164,19.022609904852494,CERTIFIED,18.99913740133451
E01_GT_RECOVERY,confirmation,positive_control,analytical_single_step,1015,theta_1,K1,positive_control_c1.0,1.0,L_T_posctrl,L_C_posctrl,9.490797085044523,-9.497973870708854,,18.988770955753374,0.008269058689023676,18.972153660177543,19.005388251329205,CERTIFIED,18.99913740133451
E01_GT_RECOVERY,confirmation,positive_control,analytical_single_step,1016,theta_1,K1,positive_control_c1.0,1.0,L_T_posctrl,L_C_posctrl,9.471230879646274,-9.52601611586973,,18.997246995516008,0.007513965105187834,18.98214711730797,19.012346873724045,CERTIFIED,18.99913740133451
E01_GT_RECOVERY,confirmation,positive_control,analytical_single_step,1017,theta_1,K1,positive_control_c1.0,1.0,L_T_posctrl,L_C_posctrl,9.497824027016996,-9.505174848809895,,19.002998875826894,0.007832823286233472,18.98725822811407,19.01873952353972,CERTIFIED,18.99913740133451
E01_GT_RECOVERY,confirmation,positive_control,analytical_single_step,1018,theta_1,K1,positive_control_c1.0,1.0,L_T_posctrl,L_C_posctrl,9.48377421043985,-9.513296261877636,,18.997070472317493,0.008210934290498389,18.980569982093613,19.013570962541372,CERTIFIED,18.99913740133451
E01_GT_RECOVERY,confirmation,positive_control,analytical_single_step,1019,theta_1,K1,positive_control_c1.0,1.0,L_T_posctrl,L_C_posctrl,9.46330752459722,-9.526957029374396,,18.990264553971613,0.00781897877410307,18.974551727847537,19.00597738009569,CERTIFIED,18.99913740133451
E01_GT_RECOVERY,confirmation,positive_control,analytical_single_step,1020,theta_1,K1,positive_control_c1.0,1.0,L_T_posctrl,L_C_posctrl,9.469140935482343,-9.533831105322625,,19.00297204080497,0.007163866142648884,18.988575712802593,19.017368368807347,CERTIFIED,18.99913740133451
E01_GT_RECOVERY,confirmation,positive_control,analytical_single_step,1021,theta_1,K1,positive_control_c1.0,1.0,L_T_posctrl,L_C_posctrl,9.495884310427442,-9.50409474223607,,18.999979052663512,0.006559099827475376,18.98679804807236,19.013160057254666,CERTIFIED,18.99913740133451
E01_GT_RECOVERY,confirmation,positive_control,analytical_single_step,1022,theta_1,K1,positive_control_c1.0,1.0,L_T_posctrl,L_C_posctrl,9.471163244263382,-9.517922452468342,,18.989085696731728,0.007630426492309149,18.973751780604047,19.004419612859408,CERTIFIED,18.99913740133451
E01_GT_RECOVERY,confirmation,positive_control,analytical_single_step,1023,theta_1,K1,positive_control_c1.0,1.0,L_T_posctrl,L_C_posctrl,9.501020658988459,-9.497958862684305,,18.998979521672762,0.008608324001825325,18.98168044692551,19.016278596420015,CERTIFIED,18.99913740133451
E01_GT_RECOVERY,confirmation,positive_control,analytical_single_step,1024,theta_1,K1,positive_control_c1.0,1.0,L_T_posctrl,L_C_posctrl,9.503812722134576,-9.501520665770315,,19.005333387904887,0.008007710573939092,18.9892412910294,19.021425484780373,CERTIFIED,18.99913740133451
E01_GT_RECOVERY,confirmation,positive_control,analytical_single_step,1025,theta_1,K1,positive_control_c1.0,1.0,L_T_posctrl,L_C_posctrl,9.497674588749536,-9.499604563115707,,18.997279151865243,0.008322365793987128,18.980554731651313,19.014003572079172,CERTIFIED,18.99913740133451
E01_GT_RECOVERY,confirmation,positive_control,analytical_single_step,1026,theta_1,K1,positive_control_c1.0,1.0,L_T_posctrl,L_C_posctrl,9.503929045915358,-9.497794169318107,,19.00172321523346,0.008429204302439375,18.984784094998577,19.018662335468346,CERTIFIED,18.99913740133451
E01_GT_RECOVERY,confirmation,positive_control,analytical_single_step,1027,theta_1,K1,positive_control_c1.0,1.0,L_T_posctrl,L_C_posctrl,9.491213450093607,-9.505535980090372,,18.99674943018398,0.007792060047385199,18.98109069926653,19.012408161101426,CERTIFIED,18.99913740133451
E01_GT_RECOVERY,confirmation,positive_control,analytical_single_step,1028,theta_1,K1,positive_control_c1.0,1.0,L_T_posctrl,L_C_posctrl,9.493531301276738,-9.494216802859006,,18.987748104135743,0.008916291525323163,18.969830145479428,19.00566606279206,CERTIFIED,18.99913740133451
E01_GT_RECOVERY,confirmation,positive_control,analytical_single_step,1029,theta_1,K1,positive_control_c1.0,1.0,L_T_posctrl,L_C_posctrl,9.485144604860135,-9.518147643678736,,19.003292248538873,0.009002065414143928,18.985201920799593,19.021382576278153,CERTIFIED,18.99913740133451
E01_GT_RECOVERY,confirmation,positive_control,analytical_single_step,1000,theta_1,K1,positive_control_c2.0,2.0,L_T_posctrl,L_C_posctrl,9.52898686389712,-9.491001441051145,,19.019988304948267,0.007853635081306182,19.004205834367426,19.03577077552911,CERTIFIED,18.99913740133451
E01_GT_RECOVERY,confirmation,positive_control,analytical_single_step,1001,theta_1,K1,positive_control_c2.0,2.0,L_T_posctrl,L_C_posctrl,9.50281895537771,-9.488944970172764,,18.991763925550476,0.008849443727359553,18.973980302573604,19.009547548527348,CERTIFIED,18.99913740133451
E01_GT_RECOVERY,confirmation,positive_control,analytical_single_step,1002,theta_1,K1,positive_control_c2.0,2.0,L_T_posctrl,L_C_posctrl,9.505097351696142,-9.479742983766384,,18.984840335462525,0.006763532430070922,18.971248508175535,18.998432162749516,CERTIFIED,18.99913740133451
E01_GT_RECOVERY,confirmation,positive_control,analytical_single_step,1003,theta_1,K1,positive_control_c2.0,2.0,L_T_posctrl,L_C_posctrl,9.507871503748374,-9.494919993360597,,19.002791497108973,0.010160061155753491,18.98237408980265,19.023208904415295,CERTIFIED,18.99913740133451
E01_GT_RECOVERY,confirmation,positive_control,analytical_single_step,1004,theta_1,K1,positive_control_c2.0,2.0,L_T_posctrl,L_C_posctrl,9.509635666545764,-9.483048398317077,,18.99268406486284,0.007974116095386598,18.976659478619556,19.008708651106122,CERTIFIED,18.99913740133451
E01_GT_RECOVERY,confirmation,positive_control,analytical_single_step,1005,theta_1,K1,positive_control_c2.0,2.0,L_T_posctrl,L_C_posctrl,9.490744933543654,-9.509135990087582,,18.999880923631235,0.00785100581009307,18.984103736768713,19.015658110493757,CERTIFIED,18.99913740133451
E01_GT_RECOVERY,confirmation,positive_control,analytical_single_step,1006,theta_1,K1,positive_control_c2.0,2.0,L_T_posctrl,L_C_posctrl,9.515118722599897,-9.489863582181393,,19.004982304781294,0.007358907313859874,18.99019402687103,19.019770582691557,CERTIFIED,18.99913740133451
E01_GT_RECOVERY,confirmation,positive_control,analytical_single_step,1007,theta_1,K1,positive_control_c2.0,2.0,L_T_posctrl,L_C_posctrl,9.507666860458409,-9.492668245588709,,19.000335106047118,0.006388572720130915,18.987496788508142,19.013173423586093,CERTIFIED,18.99913740133451
E01_GT_RECOVERY,confirmation,positive_control,analytical_single_step,1008,theta_1,K1,positive_control_c2.0,2.0,L_T_posctrl,L_C_posctrl,9.497366160367799,-9.503257605999098,,19.0006237663669,0.008235727225404627,18.984073452874977,19.017174079858822,CERTIFIED,18.99913740133451
E01_GT_RECOVERY,confirmation,positive_control,analytical_single_step,1009,theta_1,K1,positive_control_c2.0,2.0,L_T_posctrl,L_C_posctrl,9.494107085393402,-9.510883458811003,,19.004990544204404,0.008988442805512451,18.986927592122093,19.023053496286714,CERTIFIED,18.99913740133451
E01_GT_RECOVERY,confirmation,positive_control,analytical_single_step,1010,theta_1,K1,positive_control_c2.0,2.0,L_T_posctrl,L_C_posctrl,9.486861095886747,-9.50287938828044,,18.989740484167186,0.007856068574703933,18.973953123298273,19.0055278450361,CERTIFIED,18.99913740133451
E01_GT_RECOVERY,confirmation,positive_control,analytical_single_step,1011,theta_1,K1,positive_control_c2.0,2.0,L_T_posctrl,L_C_posctrl,9.50106670279763,-9.506558520004225,,19.007625222801856,0.0076635279251099754,18.992224786854507,19.023025658749205,CERTIFIED,18.99913740133451
E01_GT_RECOVERY,confirmation,positive_control,analytical_single_step,1012,theta_1,K1,positive_control_c2.0,2.0,L_T_posctrl,L_C_posctrl,9.468598937159847,-9.524304360695309,,18.992903297855154,0.008568167023758967,18.975684921576622,19.010121674133686,CERTIFIED,18.99913740133451
E01_GT_RECOVERY,confirmation,positive_control,analytical_single_step,1013,theta_1,K1,positive_control_c2.0,2.0,L_T_posctrl,L_C_posctrl,9.50533811426976,-9.486502410767578,,18.99184052503734,0.0066584365833179705,18.978459895761507,19.005221154313173,CERTIFIED,18.99913740133451
E01_GT_RECOVERY,confirmation,positive_control,analytical_single_step,1014,theta_1,K1,positive_control_c2.0,2.0,L_T_posctrl,L_C_posctrl,9.495624729991222,-9.523557657674683,,19.019182387665907,0.00951186302830281,19.000067583265263,19.03829719206655,CERTIFIED,18.99913740133451
E01_GT_RECOVERY,confirmation,positive_control,analytical_single_step,1015,theta_1,K1,positive_control_c2.0,2.0,L_T_posctrl,L_C_posctrl,9.501719356051197,-9.505541547266386,,19.007260903317583,0.007798758245524224,18.99158871186702,19.022933094768145,CERTIFIED,18.99913740133451
E01_GT_RECOVERY,confirmation,positive_control,analytical_single_step,1016,theta_1,K1,positive_control_c2.0,2.0,L_T_posctrl,L_C_posctrl,9.519329608719852,-9.473914994817823,,18.993244603537672,0.008980969758469,18.975196669105646,19.011292537969698,CERTIFIED,18.99913740133451
E01_GT_RECOVERY,confirmation,positive_control,analytical_single_step,1017,theta_1,K1,positive_control_c2.0,2.0,L_T_posctrl,L_C_posctrl,9.498661021526198,-9.511670242551366,,19.010331264077564,0.007638359364854135,18.99498140624566,19.025681121909468,CERTIFIED,18.99913740133451
E01_GT_RECOVERY,confirmation,positive_control,analytical_single_step,1018,theta_1,K1,positive_control_c2.0,2.0,L_T_posctrl,L_C_posctrl,9.499892374547748,-9.518200914840595,,19.018093289388343,0.007852854838246881,19.002312386764633,19.033874192012053,CERTIFIED,18.99913740133451
E01_GT_RECOVERY,confirmation,positive_control,analytical_single_step,1019,theta_1,K1,positive_control_c2.0,2.0,L_T_posctrl,L_C_posctrl,9.496891491483803,-9.495045204753131,,18.991936696236934,0.008286821340569009,18.97528370527641,19.008589687197457,CERTIFIED,18.99913740133451
E01_GT_RECOVERY,confirmation,positive_control,analytical_single_step,1020,theta_1,K1,positive_control_c2.0,2.0,L_T_posctrl,L_C_posctrl,9.510185537907747,-9.494811106082752,,19.004996643990495,0.008184411040832437,18.988549454232352,19.021443833748638,CERTIFIED,18.99913740133451
E01_GT_RECOVERY,confirmation,positive_control,analytical_single_step,1021,theta_1,K1,positive_control_c2.0,2.0,L_T_posctrl,L_C_posctrl,9.515029221973725,-9.485175939265797,,19.000205161239524,0.009234716123685193,18.981647304395448,19.0187630180836,CERTIFIED,18.99913740133451
E01_GT_RECOVERY,confirmation,positive_control,analytical_single_step,1022,theta_1,K1,positive_control_c2.0,2.0,L_T_posctrl,L_C_posctrl,9.509400939050145,-9.502351416394655,,19.0117523554448,0.007750693234300612,18.996176754250563,19.027327956639034,CERTIFIED,18.99913740133451
E01_GT_RECOVERY,confirmation,positive_control,analytical_single_step,1023,theta_1,K1,positive_control_c2.0,2.0,L_T_posctrl,L_C_posctrl,9.51720941791378,-9.484402066962549,,19.00161148487633,0.008038175093695353,18.985458167256333,19.01776480249633,CERTIFIED,18.99913740133451
E01_GT_RECOVERY,confirmation,positive_control,analytical_single_step,1024,theta_1,K1,positive_control_c2.0,2.0,L_T_posctrl,L_C_posctrl,9.469840213016264,-9.535127680234428,,19.004967893250694,0.007855370007783921,18.989181936204563,19.020753850296824,CERTIFIED,18.99913740133451
E01_GT_RECOVERY,confirmation,positive_control,analytical_single_step,1025,theta_1,K1,positive_control_c2.0,2.0,L_T_posctrl,L_C_posctrl,9.481922289806734,-9.528453252679423,,19.01037554248616,0.008184197282078785,18.99392878229231,19.026822302680007,CERTIFIED,18.99913740133451
E01_GT_RECOVERY,confirmation,positive_control,analytical_single_step,1026,theta_1,K1,positive_control_c2.0,2.0,L_T_posctrl,L_C_posctrl,9.500029569796338,-9.498809344035537,,18.998838913831875,0.009419580145805132,18.979909558826712,19.017768268837038,CERTIFIED,18.99913740133451
E01_GT_RECOVERY,confirmation,positive_control,analytical_single_step,1027,theta_1,K1,positive_control_c2.0,2.0,L_T_posctrl,L_C_posctrl,9.516679179962814,-9.482998820181127,,18.99967800014394,0.006875340403807089,18.985861486321618,19.013494513966265,CERTIFIED,18.99913740133451
E01_GT_RECOVERY,confirmation,positive_control,analytical_single_step,1028,theta_1,K1,positive_control_c2.0,2.0,L_T_posctrl,L_C_posctrl,9.50056697281105,-9.487331883421751,,18.987898856232803,0.008882881635952595,18.970048037262842,19.005749675202765,CERTIFIED,18.99913740133451
E01_GT_RECOVERY,confirmation,positive_control,analytical_single_step,1029,theta_1,K1,positive_control_c2.0,2.0,L_T_posctrl,L_C_posctrl,9.484272127741258,-9.51468351636409,,18.99895564410535,0.00873484717790487,18.981402311516526,19.016508976694176,CERTIFIED,18.99913740133451
